Workbook

Sheet Chi phí
B2: Tổng chi phí | D2: Đã Thu | E2: Tiền lời
B3: =SUM(C6:C721) + 7291000 -> 1.0489072e+09 | D3: ='Xuất kho'!O2 +'Doanh thu'!I2 + 'Doanh thu 2025'!I2 + 'Doanh số'!I1 -> 1223080853 | E3: =D3-B3 -> 1.7417363e+08
A5: Tháng | B5: Nội dung khoản chi/thu | C5: Chi phí | D5: Doanh thu | E5: Note
A6: 45261 | B6: đăng kí kinh doanh | C6: 2000000
B7: 3 app | C7: 800000
B8: Phiếu giao + tem quay video | C8: 46000
B9: Thankyou card | C9: 120000
B10: Tem | C10: 170000
B11: Tăng follow facebook | C11: 30000
B12: Phí rút tiền shopee | C12: 11000
B13: Shopee Ads | C13: 330000
B14: Ship MCN | C14: =133840+271600+252280 -> 657720
B15: Viettel post | C15: =57000*2+33000 -> 147000
B16: Nạp tệ | C16: =4000000+700000+772000+2983500-2145000 -> 6310500
B17: Hộp đựng | C17: =87089+99000-30429 -> 155660
B18: Lixi 6868 shopee + túi ni lông | C18: =368400+733200+303000+425000+360000+19500 -> 2209100
B19: Phí đơn ảo | C19: =356000-338740+310550-298128+99600-95786+285599-270675+321200-303352+218800-192548 -> 92520
A20: 45292 | B20: Nạp tệ | C20: =1053000+57*3510-101*3510+4212000-1404000+1755000 -> 5461560
B21: Ship MCN | C21: =548800-28000*1.1-91560 -> 426440
B22: Viettel post | C22: =32000+32000+32000+32000+47000+32000-(32000/3.35*1.1+15000) -> 181492.54
B23: Shopee Ads | C23: =55000+220000+200000 -> 475000
B24: Hộp đựng + băng keo + decal | C24: =98580+128107+71000+91800 -> 389487
B25: Thuế | C25: 600000
B26: Acc tiktok | C26: 500000
A27: 45323 | B27: Nạp tệ | C27: =2800000+3510000+3520000+1760000 -> 11590000
B28: Shopee Ads | C28: 200000
B29: Ship MCN | C29: =241920+265160 -> 507080
B30: Ship Viettel | C30: =52002+57002 -> 109004
B31: Thuế | C31: 600000
B32: Hộp đựng | C32: 189910
A33: 45352 | B33: Nạp tệ | C33: =6001000+1775000*2+4260000+2485000-1200000+2142000+2856000+5712000+1071000+1428000 -> 28305000
B34: Ship MCN | C34: =349160+108640+495600+116200+309120+94080 -> 1472800
B35: Ship Viettel | C35: =72002+32002+97006+67000 -> 268010
B36: Hộp đựng | C36: =71000+147000 -> 218000
B37: Túi bóng | C37: 51500
B38: Gói hút ẩm + túi gói hàng | C38: 91500
B39: Kệ | C39: 302500
B40: Thuế | C40: 600000
B41: Phí rút tiền shopee | C41: =55000+11000 -> 66000
B42: Tiền ship viettel post 19/03 | C42: 32000
B43: Shopee Ads | C43: 220000
B44: Tiktok Ads | C44: =48000+48000 -> 96000
B45: Giấy in đơn | C45: 67500
A46: 45383 | B46: Ship MCN | C46: =51000+267960+314160+106960+74200+276360 -> 1090640
B47: Nạp tệ | C47: =2136000+1452000+3560000+4272000+1782500 -> 13202500
B48: Ship viettel | C48: =67000+73000+32000 -> 172000
B49: Hộp Carton | C49: 78000
B50: deco | C50: 244000
B51: Hộp Carton | C51: 219000
B52: Thuế | C52: 600000
B53: Shopee Ads | C53: =165000+200000 -> 365000
A54: 45413 | B54: Hộp Carton | C54: 148500
B55: Ship MCN | C55: =649600+328720+25000+253120+222880+495600 -> 1974920
B56: Tăng tương tác Shopee | C56: 1375000
B57: Nạp tệ | C57: =2314000+2668000+1790000+1790000+3580000+5370000 -> 17512000
B58: súng bắn keo, keo nến, keo 502 | C58: 48000
B59: Ship viettel | C59: =53000+83000+104000+32000+58000 -> 330000
B60: Hộp Carton | C60: 110000
B61: Túi bóng | C61: =77000+61000 -> 138000
B62: Shopee Ads | C62: =470000 -> 470000
B63: tiktok ads | C63: 63000
B64: Giấy in đơn | C64: 65000
B65: Gửi Grab | C65: =19000*2 -> 38000
B66: Thuế | C66: 600000
B67: giấy chống sốc, băng keo | C67: 124000
B68: Viettel post | C68: =93000+35000 -> 128000
A69: 45444 | B69: Nạp tệ | C69: =9308000+3938000+1952000+3399000-1073000+10740000+3580000 -> 31844000
B70: Ship viettel | C70: =98000+42000+57000+240000 -> 437000
B71: Đền bù khách hàng | C71: =30000 -> 30000
B72: miếng dán mô hình | C72: =150000 -> 150000
B73: giấy in đơn | C73: =197000 -> 197000
B74: hộp carton | C74: =195000+93000 -> 288000
B75: Đơn ảo | C75: =21000 -> 21000
B76: Ship MCN | C76: =19600+176400+257880+168000 -> 621880
B77: hộp đựng mô hình | C77: =50000 -> 50000
B78: Viettel post | C78: =32000+32000 -> 64000
B79: grab | C79: 18000
B80: Shopee Ads | C80: =440000+110000 -> 550000
B81: Hoàn đơn | C81: =38000+74000 -> 112000
B82: Phí rút tiền shopee | C82: 44000
B83: Máy khoan mini | C83: 175000
A84: 45474 | B84: Nạp tệ | C84: =6094000+3850000+3585000+2509000+3580000+3580000 -> 23198000
B85: Ship viettel | C85: =32000+47000 -> 79000
B86: Đền bù khách hàng | C86: =16500+53000+49000+64000+50000 -> 232500
B87: hộp carton | C87: =256000+130000+149000 -> 535000
B88: Ship MCN | C88: =335440+62440+270760+119840+378280 -> 1166760
B89: Viettel post | C89: =99000+77000 -> 176000
B90: grab | C90: =19000 -> 19000
B91: Shopee Ads | C91: 420000
B92: Máy khoan mini | C92: 95000
B93: Đinh xoắn ốc | C93: 50000
B94: kềm và hộp | C94: 161000
B95: kệ đựng charm | C95: 83000
B96: Phí rút tiền shopee | C96: 22000
B97: Băng keo+ xốp chống sốc | C97: 163000
B98: Thuế | C98: 600000
B99: seeding tiktok | C99: 70000
B100: ads facebook | C100: 639620
B101: Grab | C101: 19000
B102: mũi khoan | C102: 45000
...

Sheet Net Income
B3: Doanh Thu | C3: Chi Phí | D3: Lãi Ròng
A4: 45261 | C4: =SUM('Chi phí'!C6:C19) -> 13079500 | D4: =B4-C4 -> -13079500
A5: 45292 | C5: =SUM('Chi phí'!C20:C26) -> 8033979.5 | D5: =B5-C5 -> -8033979.5
A6: 45323 | C6: =SUM('Chi phí'!C27:C32) -> 13195994 | D6: =B6-C6 -> -13195994
A7: 45352 | C7: =SUM('Chi phí'!C34:C45) -> 3485810 | D7: =B7-C7 -> -3485810
A8: 45383 | C8: =SUM('Chi phí'!C46:C53) -> 15971140 | D8: =B8-C8 -> -15971140
A9: 45413 | C9: =SUM('Chi phí'!C54:C68) -> 23124420 | D9: =B9-C9 -> -23124420
A10: 45444 | C10: =SUM('Chi phí'!C69:C83) -> 34601880 | D10: =B10-C10 -> -34601880
A11: 45474 | C11: =SUM('Chi phí'!C84:C102) -> 27773880 | D11: =B11-C11 -> -27773880
A12: 45505 | C12: =SUM('Chi phí'!C103:C115) -> 30550900 | D12: =B12-C12 -> -30550900
A13: 45536 | C13: =SUM('Chi phí'!C116:C123) -> 38220000 | D13: =B13-C13 -> -38220000
A14: 45566 | C14: =SUM('Chi phí'!C124:C130) -> 20323200 | D14: =B14-C14 -> -20323200
A15: 45597 | C15: =SUM('Chi phí'!C131:C138) -> 27708400 | D15: =B15-C15 -> -27708400
A16: 45627 | C16: =SUM('Chi phí'!C139:C145) -> 78888000 | D16: =B16-C16 -> -78888000
A17: 45658 | B17: =SUM('Doanh thu 2025'!H3:H476) -> 23677332 | C17: =SUM('Chi phí'!C146:C148) -> 2008000 | D17: =B17-C17 -> 21669332
A18: 45689 | B18: =SUM('Doanh thu 2025'!H477:H987) -> 34180085 | C18: =SUM('Chi phí'!C149:C174) -> 31033000 | D18: =B18-C18 -> 3147085
A19: 45717 | B19: =SUM('Doanh thu 2025'!H988:H2134) -> 72400566 | C19: =SUM('Chi phí'!C175:C192) -> 38768000 | D19: =B19-C19 -> 33632566
A20: 45748 | B20: =SUM('Doanh thu 2025'!H2135:H2748) -> 35953072 | C20: =SUM('Chi phí'!C193:C199) -> 34814000 | D20: =B20-C20 -> 1139072
A21: 45778 | B21: =SUM('Doanh thu 2025'!H2749:H3681) -> 97348999 | C21: =SUM('Chi phí'!C200:C225) -> 46238000 | D21: =B21-C21 -> 51110999
A22: 45809 | B22: =SUM('Doanh thu 2025'!H3608:H3681) -> 51417797 | C22: =SUM('Chi phí'!C226:C251) -> 34939000 | D22: =B22-C22 -> 16478797
A23: 45839 | B23: =SUM('Doanh thu 2025'!H3682:H3725)+SUM('Doanh số'!G3:G389) -> 81605923 | C23: =SUM('Chi phí'!C252:C277) -> 70985000 | D23: =B23-C23 -> 10620923
A24: 45870 | B24: =SUM('Doanh số'!G390:G613) -> 63989768 | C24: =SUM('Chi phí'!C278:C303) -> 39284000 | D24: =B24-C24 -> 24705768
A25: 45901 | B25: =SUM('Doanh số'!G614:G652)+SUM('Doanh số'!H652) -> 75077277 | C25: =SUM('Chi phí'!C304:C329) -> 69331000 | D25: =B25-C25 -> 5746277
A26: 45931 | B26: =SUM('Doanh số'!G653:G951) +54165+98025+57946+83187+50353+58661+102450+128968+83187+30615+107325+99022+54981+57931+92729+98712 -> 75134577 | C26: =SUM('Chi phí'!C330:C355) -> 74381000 | D26: =B26-C26 -> 753577
A27: 45962 | B27: =SUM('Doanh số'!G952:G1156) -> 65795997 | C27: =SUM('Chi phí'!C356:C381) -> 32438200 | D27: =B27-C27 -> 33357797 | E27: 2851434
A28: 45992 | B28: =SUM('Doanh số'!G1157:G1220) -> 52698220 | C28: =SUM('Chi phí'!C382:C385) -> 52978000 | D28: =B28-C28 -> -279780
A29: 46023 | B29: =SUM('Doanh số'!G1221:G1251) -> 48899363 | C29: =SUM('Chi phí'!C386:C389) -> 12964000 | D29: =B29-C29 -> 35935363
A30: 46054 | B30: =SUM('Doanh số'!G1252:G1265) -> 24066901 | C30: =SUM('Chi phí'!C390:C394) -> 53201920 | D30: =B30-C30 -> -29135019
A31: 46082 | B31: =SUM('Doanh số'!G1266:G1307) -> 64711889 | C31: =SUM('Chi phí'!C395:C399) -> 36054000 | D31: =B31-C31 -> 28657889
A32: 46113 | B32: =SUM('Doanh số'!G1308:G1338) -> 46537462 | C32: =SUM('Chi phí'!C400:C404) -> 30463000 | D32: =B32-C32 -> 16074462
A33: 46144 | B33: =SUM('Doanh số'!G1339:G1368) -> 48027140 | C33: =SUM('Chi phí'!C405:C407) -> 18474000 | D33: =B33-C33 -> 29553140
A34: 46176 | B34: =SUM('Doanh số'!G1369:G1380) -> 5945840 | C34: =SUM('Chi phí'!C408:C420) -> 0 | D34: =B34-C34 -> 5945840
D35: =B35-C35 -> 0

Sheet Doanh số
A1: Doanh Số | I1: =SUM(G3:G3000) -> 589877399
A2: Ngày | B2: Mã sản phẩm | C2: Loại | D2: Tên sản phẩm | E2: Số lượng | F2: Giá sàn | G2: Doanh thu | H2: Ghi chú
A3: 22/7/2025 | B3: ccpmdt06 | C3: móc khóa | D3: =IFERROR(VLOOKUP(B3,'Thống kê'!$C$3:$D$970,2, FALSE),VLOOKUP(B3,'Thống kê v2 CC'!$A$3:$D$1005,3, FALSE)) -> 0 | E3: 1 | F3: 69000 | G3: 100058
B4: ccpmdt76 | C4: móc khóa | D4: =IFERROR(VLOOKUP(B4,'Thống kê'!$C$3:$D$970,2, FALSE),VLOOKUP(B4,'Thống kê v2 CC'!$A$3:$D$1005,3, FALSE)) -> Móc khóa mô hình Twinkle Mini | E4: 1 | F4: 68500
B5: ccpmdt34 | C5: móc khoá | D5: =IFERROR(VLOOKUP(B5,'Thống kê'!$C$3:$D$970,2, FALSE),VLOOKUP(B5,'Thống kê v2 CC'!$A$3:$D$1005,3, FALSE)) -> 0 | E5: 1 | F5: 68500 | G5: 47940
B6: ccpmdt63 | C6: móc khoá | D6: =IFERROR(VLOOKUP(B6,'Thống kê'!$C$3:$D$970,2, FALSE),VLOOKUP(B6,'Thống kê v2 CC'!$A$3:$D$1005,3, FALSE)) -> 0 | E6: 1 | F6: 68500 | G6: 99653
B7: ccpmdt76 | C7: móc khoá | D7: =IFERROR(VLOOKUP(B7,'Thống kê'!$C$3:$D$970,2, FALSE),VLOOKUP(B7,'Thống kê v2 CC'!$A$3:$D$1005,3, FALSE)) -> Móc khóa mô hình Twinkle Mini | E7: 1 | F7: 68500
B8: ccpmdt47 | C8: móc khoá | D8: =IFERROR(VLOOKUP(B8,'Thống kê'!$C$3:$D$970,2, FALSE),VLOOKUP(B8,'Thống kê v2 CC'!$A$3:$D$1005,3, FALSE)) -> 0 | E8: 1 | F8: 69000 | G8: 48311
B9: ccpmdt19 | C9: móc khoá | D9: =IFERROR(VLOOKUP(B9,'Thống kê'!$C$3:$D$970,2, FALSE),VLOOKUP(B9,'Thống kê v2 CC'!$A$3:$D$1005,3, FALSE)) -> 0 | E9: 1 | F9: 68500 | G9: 99653
B10: ccpmdt75 | C10: móc khoá | D10: =IFERROR(VLOOKUP(B10,'Thống kê'!$C$3:$D$970,2, FALSE),VLOOKUP(B10,'Thống kê v2 CC'!$A$3:$D$1005,3, FALSE)) -> 0 | E10: 1 | F10: 68500
B11: ccpmdt74 | C11: móc khoá | D11: =IFERROR(VLOOKUP(B11,'Thống kê'!$C$3:$D$970,2, FALSE),VLOOKUP(B11,'Thống kê v2 CC'!$A$3:$D$1005,3, FALSE)) -> 0 | E11: 1 | F11: 68500 | G11: 47940
B12: ccpmdt58 - ct06 | C12: dây đeo điện thoại | D12: =IFERROR(VLOOKUP(B12,'Thống kê'!$C$3:$D$970,2, FALSE),VLOOKUP(B12,'Thống kê v2 CC'!$A$3:$D$1005,3, FALSE)) -> #N/A | E12: 1 | F12: 131000 | G12: 190889
B13: ccpmdt76 - ct06 | C13: dây đeo điện thoại | D13: =IFERROR(VLOOKUP(B13,'Thống kê'!$C$3:$D$970,2, FALSE),VLOOKUP(B13,'Thống kê v2 CC'!$A$3:$D$1005,3, FALSE)) -> #N/A | E13: 1 | F13: 131000
B14: ccpmdt75 | C14: móc khoá | D14: =IFERROR(VLOOKUP(B14,'Thống kê'!$C$3:$D$970,2, FALSE),VLOOKUP(B14,'Thống kê v2 CC'!$A$3:$D$1005,3, FALSE)) -> 0 | E14: 1 | F14: 68500 | G14: 99653
B15: ccpmdt74 | C15: móc khoá | D15: =IFERROR(VLOOKUP(B15,'Thống kê'!$C$3:$D$970,2, FALSE),VLOOKUP(B15,'Thống kê v2 CC'!$A$3:$D$1005,3, FALSE)) -> 0 | E15: 1 | F15: 68500
B16: ccpmdt63 | C16: móc khoá | D16: =IFERROR(VLOOKUP(B16,'Thống kê'!$C$3:$D$970,2, FALSE),VLOOKUP(B16,'Thống kê v2 CC'!$A$3:$D$1005,3, FALSE)) -> 0 | E16: 1 | F16: 68500 | G16: 99024
B17: ccpmdt82 | C17: móc khoá | D17: =IFERROR(VLOOKUP(B17,'Thống kê'!$C$3:$D$970,2, FALSE),VLOOKUP(B17,'Thống kê v2 CC'!$A$3:$D$1005,3, FALSE)) -> #N/A | E17: 1 | F17: 68500
B18: ccpmdt52 | C18: móc khoá | D18: =IFERROR(VLOOKUP(B18,'Thống kê'!$C$3:$D$970,2, FALSE),VLOOKUP(B18,'Thống kê v2 CC'!$A$3:$D$1005,3, FALSE)) -> 0 | E18: 1 | F18: 69000 | G18: 47682
B19: mkb04 | C19: móc khoá | D19: =IFERROR(VLOOKUP(B19,'Thống kê'!$C$3:$D$970,2, FALSE),VLOOKUP(B19,'Thống kê v2 CC'!$A$3:$D$1005,3, FALSE)) -> thỏ | E19: 1 | F19: 32200 | G19: 22880
B20: ccpmdt60 | C20: móc khoá | D20: =IFERROR(VLOOKUP(B20,'Thống kê'!$C$3:$D$970,2, FALSE),VLOOKUP(B20,'Thống kê v2 CC'!$A$3:$D$1005,3, FALSE)) -> 0 | E20: 1 | F20: 68500 | G20: 47940
B21: ccpmdt16 | C21: móc khoá | D21: =IFERROR(VLOOKUP(B21,'Thống kê'!$C$3:$D$970,2, FALSE),VLOOKUP(B21,'Thống kê v2 CC'!$A$3:$D$1005,3, FALSE)) -> 0 | E21: 1 | F21: 68500 | G21: 47316
B22: ccpmdt82 | C22: móc khoá | D22: =IFERROR(VLOOKUP(B22,'Thống kê'!$C$3:$D$970,2, FALSE),VLOOKUP(B22,'Thống kê v2 CC'!$A$3:$D$1005,3, FALSE)) -> #N/A | E22: 1 | F22: 68500 | G22: 146494
B23: ccpmdt76 | C23: móc khoá | D23: =IFERROR(VLOOKUP(B23,'Thống kê'!$C$3:$D$970,2, FALSE),VLOOKUP(B23,'Thống kê v2 CC'!$A$3:$D$1005,3, FALSE)) -> Móc khóa mô hình Twinkle Mini | E23: 1 | F23: 68500
B24: ccpmdt72 | C24: móc khoá | D24: =IFERROR(VLOOKUP(B24,'Thống kê'!$C$3:$D$970,2, FALSE),VLOOKUP(B24,'Thống kê v2 CC'!$A$3:$D$1005,3, FALSE)) -> 0 | E24: 1 | F24: 68500
B25: ccpmdt78 | C25: móc khoá | D25: =IFERROR(VLOOKUP(B25,'Thống kê'!$C$3:$D$970,2, FALSE),VLOOKUP(B25,'Thống kê v2 CC'!$A$3:$D$1005,3, FALSE)) -> 0 | E25: 1 | F25: 68500 | G25: 99653
B26: ccpmdt72 | C26: móc khoá | D26: =IFERROR(VLOOKUP(B26,'Thống kê'!$C$3:$D$970,2, FALSE),VLOOKUP(B26,'Thống kê v2 CC'!$A$3:$D$1005,3, FALSE)) -> 0 | E26: 1 | F26: 68500
B27: ccpmdt06 | C27: móc khoá | D27: =IFERROR(VLOOKUP(B27,'Thống kê'!$C$3:$D$970,2, FALSE),VLOOKUP(B27,'Thống kê v2 CC'!$A$3:$D$1005,3, FALSE)) -> 0 | E27: 1 | F27: 69000 | G27: 100058
B28: ccpmdt76 | C28: móc khoá | D28: =IFERROR(VLOOKUP(B28,'Thống kê'!$C$3:$D$970,2, FALSE),VLOOKUP(B28,'Thống kê v2 CC'!$A$3:$D$1005,3, FALSE)) -> Móc khóa mô hình Twinkle Mini | E28: 1 | F28: 68500
A29: 45861 | B29: ccpmdt83 | C29: móc khoá | D29: =IFERROR(VLOOKUP(B29,'Thống kê'!$C$3:$D$970,2, FALSE),VLOOKUP(B29,'Thống kê v2 CC'!$A$3:$D$1005,3, FALSE)) -> #N/A | E29: 1 | F29: 68500 | G29: 47316
B30: ccpmdt81 | C30: móc khoá | D30: =IFERROR(VLOOKUP(B30,'Thống kê'!$C$3:$D$970,2, FALSE),VLOOKUP(B30,'Thống kê v2 CC'!$A$3:$D$1005,3, FALSE)) -> #N/A | E30: 1 | F30: 68500 | G30: 99653
B31: ccpmdt82 | C31: móc khoá | D31: =IFERROR(VLOOKUP(B31,'Thống kê'!$C$3:$D$970,2, FALSE),VLOOKUP(B31,'Thống kê v2 CC'!$A$3:$D$1005,3, FALSE)) -> #N/A | E31: 1 | F31: 68500
B32: ccpmdt65 | C32: móc khoá | D32: =IFERROR(VLOOKUP(B32,'Thống kê'!$C$3:$D$970,2, FALSE),VLOOKUP(B32,'Thống kê v2 CC'!$A$3:$D$1005,3, FALSE)) -> 0 | E32: 1 | F32: 68500 | G32: 47316
B33: ccpmdt79 | C33: móc khoá | D33: =IFERROR(VLOOKUP(B33,'Thống kê'!$C$3:$D$970,2, FALSE),VLOOKUP(B33,'Thống kê v2 CC'!$A$3:$D$1005,3, FALSE)) -> #N/A | E33: 1 | F33: 68500 | G33: 47940
B34: ccpmdt65 | C34: móc khoá | D34: =IFERROR(VLOOKUP(B34,'Thống kê'!$C$3:$D$970,2, FALSE),VLOOKUP(B34,'Thống kê v2 CC'!$A$3:$D$1005,3, FALSE)) -> 0 | E34: 1 | F34: 68500 | G34: 139584
B35: ccpmdt50 | C35: móc khoá | D35: =IFERROR(VLOOKUP(B35,'Thống kê'!$C$3:$D$970,2, FALSE),VLOOKUP(B35,'Thống kê v2 CC'!$A$3:$D$1005,3, FALSE)) -> 0 | E35: 1 | F35: 59000
B36: ccpmdt76 | C36: móc khoá | D36: =IFERROR(VLOOKUP(B36,'Thống kê'!$C$3:$D$970,2, FALSE),VLOOKUP(B36,'Thống kê v2 CC'!$A$3:$D$1005,3, FALSE)) -> Móc khóa mô hình Twinkle Mini | E36: 1 | F36: 68500
B37: ccpmdt34 | C37: móc khoá | D37: =IFERROR(VLOOKUP(B37,'Thống kê'!$C$3:$D$970,2, FALSE),VLOOKUP(B37,'Thống kê v2 CC'!$A$3:$D$1005,3, FALSE)) -> 0 | E37: 1 | F37: 68500 | G37: 47940
B38: ccpmdt74 | C38: móc khoá | D38: =IFERROR(VLOOKUP(B38,'Thống kê'!$C$3:$D$970,2, FALSE),VLOOKUP(B38,'Thống kê v2 CC'!$A$3:$D$1005,3, FALSE)) -> 0 | E38: 1 | F38: 68500 | G38: 47316
B39: ccpmdt61 | C39: móc khoá | D39: =IFERROR(VLOOKUP(B39,'Thống kê'!$C$3:$D$970,2, FALSE),VLOOKUP(B39,'Thống kê v2 CC'!$A$3:$D$1005,3, FALSE)) -> 0 | E39: 1 | F39: 68500 | G39: 47316
B40: ggvmn03 | C40: ví mini | D40: =IFERROR(VLOOKUP(B40,'Thống kê'!$C$3:$D$970,2, FALSE),VLOOKUP(B40,'Thống kê v2 CC'!$A$3:$D$1005,3, FALSE)) -> Túi đựng đồ trang điểm nhỏ | E40: 1 | F40: 39200 | G40: 28301
B41: ccpmdt78 | C41: móc khoá | D41: =IFERROR(VLOOKUP(B41,'Thống kê'!$C$3:$D$970,2, FALSE),VLOOKUP(B41,'Thống kê v2 CC'!$A$3:$D$1005,3, FALSE)) -> 0 | E41: 1 | F41: 68500 | G41: 47940
B42: ccpmdt79 | C42: móc khoá | D42: =IFERROR(VLOOKUP(B42,'Thống kê'!$C$3:$D$970,2, FALSE),VLOOKUP(B42,'Thống kê v2 CC'!$A$3:$D$1005,3, FALSE)) -> #N/A | E42: 1 | F42: 68500 | G42: 47940
B43: ccpmdt76 | C43: móc khoá | D43: =IFERROR(VLOOKUP(B43,'Thống kê'!$C$3:$D$970,2, FALSE),VLOOKUP(B43,'Thống kê v2 CC'!$A$3:$D$1005,3, FALSE)) -> Móc khóa mô hình Twinkle Mini | E43: 1 | F43: 68500 | G43: 99653
B44: ccpmdt79 | C44: móc khoá | D44: =IFERROR(VLOOKUP(B44,'Thống kê'!$C$3:$D$970,2, FALSE),VLOOKUP(B44,'Thống kê v2 CC'!$A$3:$D$1005,3, FALSE)) -> #N/A | E44: 1 | F44: 68500
A45: 45862 | B45: ccpmdt75 | C45: móc khoá | D45: =IFERROR(VLOOKUP(B45,'Thống kê'!$C$3:$D$970,2, FALSE),VLOOKUP(B45,'Thống kê v2 CC'!$A$3:$D$1005,3, FALSE)) -> 0 | E45: 1 | F45: 68500 | G45: 98395
B46: ccpmdt79 | C46: móc khoá | D46: =IFERROR(VLOOKUP(B46,'Thống kê'!$C$3:$D$970,2, FALSE),VLOOKUP(B46,'Thống kê v2 CC'!$A$3:$D$1005,3, FALSE)) -> #N/A | E46: 1 | F46: 68500
B47: mkdm13 | C47: móc khoá | D47: =IFERROR(VLOOKUP(B47,'Thống kê'!$C$3:$D$970,2, FALSE),VLOOKUP(B47,'Thống kê v2 CC'!$A$3:$D$1005,3, FALSE)) -> 0 | E47: 1 | F47: 90000 | G47: 89308
B48: mkb04 | C48: móc khoá | D48: =IFERROR(VLOOKUP(B48,'Thống kê'!$C$3:$D$970,2, FALSE),VLOOKUP(B48,'Thống kê v2 CC'!$A$3:$D$1005,3, FALSE)) -> thỏ | E48: 1 | F48: 32200
B49: ccpmdt76 | C49: móc khoá | D49: =IFERROR(VLOOKUP(B49,'Thống kê'!$C$3:$D$970,2, FALSE),VLOOKUP(B49,'Thống kê v2 CC'!$A$3:$D$1005,3, FALSE)) -> Móc khóa mô hình Twinkle Mini | E49: 1 | F49: 68500 | G49: 47316
B50: ccpmdt56 | C50: móc khoá | D50: =IFERROR(VLOOKUP(B50,'Thống kê'!$C$3:$D$970,2, FALSE),VLOOKUP(B50,'Thống kê v2 CC'!$A$3:$D$1005,3, FALSE)) -> 0 | E50: 1 | F50: 69000 | G50: 48311
B51: ccpmdt76 | C51: móc khoá | D51: =IFERROR(VLOOKUP(B51,'Thống kê'!$C$3:$D$970,2, FALSE),VLOOKUP(B51,'Thống kê v2 CC'!$A$3:$D$1005,3, FALSE)) -> Móc khóa mô hình Twinkle Mini | E51: 1 | F51: 68500 | G51: 47940
B52: ccpmdt61 | C52: móc khoá | D52: =IFERROR(VLOOKUP(B52,'Thống kê'!$C$3:$D$970,2, FALSE),VLOOKUP(B52,'Thống kê v2 CC'!$A$3:$D$1005,3, FALSE)) -> 0 | E52: 1 | F52: 68500 | G52: 146494
B53: ccpmdt76 | C53: móc khoá | D53: =IFERROR(VLOOKUP(B53,'Thống kê'!$C$3:$D$970,2, FALSE),VLOOKUP(B53,'Thống kê v2 CC'!$A$3:$D$1005,3, FALSE)) -> Móc khóa mô hình Twinkle Mini | E53: 1 | F53: 68500
B54: ccpmdt74 | C54: móc khoá | D54: =IFERROR(VLOOKUP(B54,'Thống kê'!$C$3:$D$970,2, FALSE),VLOOKUP(B54,'Thống kê v2 CC'!$A$3:$D$1005,3, FALSE)) -> 0 | E54: 1 | F54: 68500
B55: ccpmdt75 | C55: móc khoá | D55: =IFERROR(VLOOKUP(B55,'Thống kê'!$C$3:$D$970,2, FALSE),VLOOKUP(B55,'Thống kê v2 CC'!$A$3:$D$1005,3, FALSE)) -> 0 | E55: 1 | F55: 68500 | G55: 47940
B56: skullpanda | C56: móc khoá | D56: =IFERROR(VLOOKUP(B56,'Thống kê'!$C$3:$D$970,2, FALSE),VLOOKUP(B56,'Thống kê v2 CC'!$A$3:$D$1005,3, FALSE)) -> #N/A | E56: 1 | F56: 95000 | G56: 286371
B57: skullpanda01-ct03 | C57: móc khoá | D57: =IFERROR(VLOOKUP(B57,'Thống kê'!$C$3:$D$970,2, FALSE),VLOOKUP(B57,'Thống kê v2 CC'!$A$3:$D$1005,3, FALSE)) -> 0 | E57: 1 | F57: 168000
B58: ccpmdt58 | C58: móc khoá | D58: =IFERROR(VLOOKUP(B58,'Thống kê'!$C$3:$D$970,2, FALSE),VLOOKUP(B58,'Thống kê v2 CC'!$A$3:$D$1005,3, FALSE)) -> 0 | E58: 1 | F58: 120000
B59: mkdm11 | C59: móc khoá | D59: =IFERROR(VLOOKUP(B59,'Thống kê'!$C$3:$D$970,2, FALSE),VLOOKUP(B59,'Thống kê v2 CC'!$A$3:$D$1005,3, FALSE)) -> 0 | E59: 1 | F59: 90000 | G59: 283139
B60: mkdm01 | C60: móc khoá | D60: =IFERROR(VLOOKUP(B60,'Thống kê'!$C$3:$D$970,2, FALSE),VLOOKUP(B60,'Thống kê v2 CC'!$A$3:$D$1005,3, FALSE)) -> Móc khoá Dimoo size mini (hàng remake) | E60: 1 | F60: 79000
B61: mkdm13 | C61: móc khoá | D61: =IFERROR(VLOOKUP(B61,'Thống kê'!$C$3:$D$970,2, FALSE),VLOOKUP(B61,'Thống kê v2 CC'!$A$3:$D$1005,3, FALSE)) -> 0 | E61: 1 | F61: 90000
B62: twinkle05 | C62: móc khoá | D62: =IFERROR(VLOOKUP(B62,'Thống kê'!$C$3:$D$970,2, FALSE),VLOOKUP(B62,'Thống kê v2 CC'!$A$3:$D$1005,3, FALSE)) -> #N/A | E62: 1 | F62: 120000
B63: hcc | C63: móc khoá | D63: =IFERROR(VLOOKUP(B63,'Thống kê'!$C$3:$D$970,2, FALSE),VLOOKUP(B63,'Thống kê v2 CC'!$A$3:$D$1005,3, FALSE)) -> Heo ú | E63: 1 | F63: 69000 | G63: 106847
B64: hcc04 | C64: móc khoá | D64: =IFERROR(VLOOKUP(B64,'Thống kê'!$C$3:$D$970,2, FALSE),VLOOKUP(B64,'Thống kê v2 CC'!$A$3:$D$1005,3, FALSE)) -> heo ú cầm hoa | E64: 1 | F64: 82000
B65: ccpmdt65 | C65: móc khoá | D65: =IFERROR(VLOOKUP(B65,'Thống kê'!$C$3:$D$970,2, FALSE),VLOOKUP(B65,'Thống kê v2 CC'!$A$3:$D$1005,3, FALSE)) -> 0 | E65: 1 | F65: 68500 | G65: 146494
B66: ccpmdt69 | C66: móc khoá | D66: =IFERROR(VLOOKUP(B66,'Thống kê'!$C$3:$D$970,2, FALSE),VLOOKUP(B66,'Thống kê v2 CC'!$A$3:$D$1005,3, FALSE)) -> 0 | E66: 1 | F66: 68500
B67: ccpmdt23 | C67: móc khoá | D67: =IFERROR(VLOOKUP(B67,'Thống kê'!$C$3:$D$970,2, FALSE),VLOOKUP(B67,'Thống kê v2 CC'!$A$3:$D$1005,3, FALSE)) -> 0 | E67: 1 | F67: 68500
B68: tcxgx | C68: móc khoá | D68: =IFERROR(VLOOKUP(B68,'Thống kê'!$C$3:$D$970,2, FALSE),VLOOKUP(B68,'Thống kê v2 CC'!$A$3:$D$1005,3, FALSE)) -> Thỏ chạy xe gắn xe | E68: 1 | F68: 39000 | G68: 338506
B69: ccpmdt68-ct02 | C69: móc khoá | D69: =IFERROR(VLOOKUP(B69,'Thống kê'!$C$3:$D$970,2, FALSE),VLOOKUP(B69,'Thống kê v2 CC'!$A$3:$D$1005,3, FALSE)) -> #N/A | E69: 1 | F69: 114000
B70: ccpmdt76-ct06 | C70: Dây đeo điện thoại | D70: =IFERROR(VLOOKUP(B70,'Thống kê'!$C$3:$D$970,2, FALSE),VLOOKUP(B70,'Thống kê v2 CC'!$A$3:$D$1005,3, FALSE)) -> #N/A | E70: 1 | F70: 131000
C71: Charm trang trí túi | D71: =IFERROR(VLOOKUP(B71,'Thống kê'!$C$3:$D$970,2, FALSE),VLOOKUP(B71,'Thống kê v2 CC'!$A$3:$D$1005,3, FALSE)) -> #N/A | E71: 1 | F71: 162000
B72: twinkle05 | C72: móc khoá | D72: =IFERROR(VLOOKUP(B72,'Thống kê'!$C$3:$D$970,2, FALSE),VLOOKUP(B72,'Thống kê v2 CC'!$A$3:$D$1005,3, FALSE)) -> #N/A | E72: 1 | F72: 120000 | G72: 86236
B73: twinkle05 | C73: móc khoá | D73: =IFERROR(VLOOKUP(B73,'Thống kê'!$C$3:$D$970,2, FALSE),VLOOKUP(B73,'Thống kê v2 CC'!$A$3:$D$1005,3, FALSE)) -> #N/A | E73: 1 | F73: 120000 | G73: 85143
B74: ccpmdt76 | C74: móc khoá | D74: =IFERROR(VLOOKUP(B74,'Thống kê'!$C$3:$D$970,2, FALSE),VLOOKUP(B74,'Thống kê v2 CC'!$A$3:$D$1005,3, FALSE)) -> Móc khóa mô hình Twinkle Mini | E74: 1 | F74: 68500 | G74: 198266
B75: ccpmdt79 | C75: móc khoá | D75: =IFERROR(VLOOKUP(B75,'Thống kê'!$C$3:$D$970,2, FALSE),VLOOKUP(B75,'Thống kê v2 CC'!$A$3:$D$1005,3, FALSE)) -> #N/A | E75: 1 | F75: 68500
B76: ccpmdt72 | C76: móc khoá | D76: =IFERROR(VLOOKUP(B76,'Thống kê'!$C$3:$D$970,2, FALSE),VLOOKUP(B76,'Thống kê v2 CC'!$A$3:$D$1005,3, FALSE)) -> 0 | E76: 1 | F76: 68500
B77: ccpmdt83 | C77: móc khoá | D77: =IFERROR(VLOOKUP(B77,'Thống kê'!$C$3:$D$970,2, FALSE),VLOOKUP(B77,'Thống kê v2 CC'!$A$3:$D$1005,3, FALSE)) -> #N/A | E77: 1 | F77: 68500
B78: ccpmdt75-ct06 | C78: móc khoá | D78: =IFERROR(VLOOKUP(B78,'Thống kê'!$C$3:$D$970,2, FALSE),VLOOKUP(B78,'Thống kê v2 CC'!$A$3:$D$1005,3, FALSE)) -> #N/A | E78: 1 | F78: 191000 | G78: 137508
B79: ccpmdt17 | C79: móc khoá | D79: =IFERROR(VLOOKUP(B79,'Thống kê'!$C$3:$D$970,2, FALSE),VLOOKUP(B79,'Thống kê v2 CC'!$A$3:$D$1005,3, FALSE)) -> 0 | E79: 1 | F79: 79000 | G79: 56459
B80: ccpmdt33 | C80: móc khoá | D80: =IFERROR(VLOOKUP(B80,'Thống kê'!$C$3:$D$970,2, FALSE),VLOOKUP(B80,'Thống kê v2 CC'!$A$3:$D$1005,3, FALSE)) -> 0 | E80: 1 | F80: 68500 | G80: 145883
B81: ccpmdt35 | C81: móc khoá | D81: =IFERROR(VLOOKUP(B81,'Thống kê'!$C$3:$D$970,2, FALSE),VLOOKUP(B81,'Thống kê v2 CC'!$A$3:$D$1005,3, FALSE)) -> 0 | E81: 1 | F81: 68500
B82: ccpmdt23 | C82: móc khoá | D82: =IFERROR(VLOOKUP(B82,'Thống kê'!$C$3:$D$970,2, FALSE),VLOOKUP(B82,'Thống kê v2 CC'!$A$3:$D$1005,3, FALSE)) -> 0 | E82: 1 | F82: 68500
B83: mcc02 | C83: móc khoá | D83: =IFERROR(VLOOKUP(B83,'Thống kê'!$C$3:$D$970,2, FALSE),VLOOKUP(B83,'Thống kê v2 CC'!$A$3:$D$1005,3, FALSE)) -> Mèo ú bay | E83: 1 | F83: 82000 | G83: 86980
B84: ttmh09 | C84: móc khoá | D84: =IFERROR(VLOOKUP(B84,'Thống kê'!$C$3:$D$970,2, FALSE),VLOOKUP(B84,'Thống kê v2 CC'!$A$3:$D$1005,3, FALSE)) -> 0 | E84: 1 | F84: 39000
A85: 45863 | B85: ccpmdt06 | C85: móc khoá | D85: =IFERROR(VLOOKUP(B85,'Thống kê'!$C$3:$D$970,2, FALSE),VLOOKUP(B85,'Thống kê v2 CC'!$A$3:$D$1005,3, FALSE)) -> 0 | E85: 1 | F85: 119000 | G85: 85272
B86: twinkle05 | C86: móc khoá | D86: =IFERROR(VLOOKUP(B86,'Thống kê'!$C$3:$D$970,2, FALSE),VLOOKUP(B86,'Thống kê v2 CC'!$A$3:$D$1005,3, FALSE)) -> #N/A | E86: 1 | F86: 120000 | G86: 85143
B87: ccpmdt35 | C87: móc khoá | D87: =IFERROR(VLOOKUP(B87,'Thống kê'!$C$3:$D$970,2, FALSE),VLOOKUP(B87,'Thống kê v2 CC'!$A$3:$D$1005,3, FALSE)) -> 0 | E87: 1 | F87: 68500 | G87: 47316
B88: ccpmdt34 | C88: móc khoá | D88: =IFERROR(VLOOKUP(B88,'Thống kê'!$C$3:$D$970,2, FALSE),VLOOKUP(B88,'Thống kê v2 CC'!$A$3:$D$1005,3, FALSE)) -> 0 | E88: 1 | F88: 68500 | G88: 47316
B89: hồng đất | C89: móc khoá | D89: =IFERROR(VLOOKUP(B89,'Thống kê'!$C$3:$D$970,2, FALSE),VLOOKUP(B89,'Thống kê v2 CC'!$A$3:$D$1005,3, FALSE)) -> #N/A | E89: 1 | F89: 9000 | G89: 139034
B90: twinkle05 | C90: móc khoá | D90: =IFERROR(VLOOKUP(B90,'Thống kê'!$C$3:$D$970,2, FALSE),VLOOKUP(B90,'Thống kê v2 CC'!$A$3:$D$1005,3, FALSE)) -> #N/A | E90: 1 | F90: 120000
B91: ccpmdt60 | C91: móc khoá | D91: =IFERROR(VLOOKUP(B91,'Thống kê'!$C$3:$D$970,2, FALSE),VLOOKUP(B91,'Thống kê v2 CC'!$A$3:$D$1005,3, FALSE)) -> 0 | E91: 1 | F91: 68500
B92: crybaby01-ct062 | C92: móc khoá | D92: =IFERROR(VLOOKUP(B92,'Thống kê'!$C$3:$D$970,2, FALSE),VLOOKUP(B92,'Thống kê v2 CC'!$A$3:$D$1005,3, FALSE)) -> #N/A | E92: 1 | F92: 209000 | G92: 150884
B93: ccpmdt64 | C93: móc khoá | D93: =IFERROR(VLOOKUP(B93,'Thống kê'!$C$3:$D$970,2, FALSE),VLOOKUP(B93,'Thống kê v2 CC'!$A$3:$D$1005,3, FALSE)) -> 0 | E93: 1 | F93: 68500 | G93: 99653
B94: ccpmdt75 | C94: móc khoá | D94: =IFERROR(VLOOKUP(B94,'Thống kê'!$C$3:$D$970,2, FALSE),VLOOKUP(B94,'Thống kê v2 CC'!$A$3:$D$1005,3, FALSE)) -> 0 | E94: 1 | F94: 68500
B95: ccpmdt60 | C95: móc khoá | D95: =IFERROR(VLOOKUP(B95,'Thống kê'!$C$3:$D$970,2, FALSE),VLOOKUP(B95,'Thống kê v2 CC'!$A$3:$D$1005,3, FALSE)) -> 0 | E95: 1 | F95: 68500 | G95: 47940
B96: ccpmdt06 | C96: móc khoá | D96: =IFERROR(VLOOKUP(B96,'Thống kê'!$C$3:$D$970,2, FALSE),VLOOKUP(B96,'Thống kê v2 CC'!$A$3:$D$1005,3, FALSE)) -> 0 | E96: 1 | F96: 119000 | G96: 339226
B97: ccpmdt05 | C97: móc khoá | D97: =IFERROR(VLOOKUP(B97,'Thống kê'!$C$3:$D$970,2, FALSE),VLOOKUP(B97,'Thống kê v2 CC'!$A$3:$D$1005,3, FALSE)) -> 0 | E97: 1 | F97: 119000
B98: crybaby01-ct062 | C98: móc khoá | D98: =IFERROR(VLOOKUP(B98,'Thống kê'!$C$3:$D$970,2, FALSE),VLOOKUP(B98,'Thống kê v2 CC'!$A$3:$D$1005,3, FALSE)) -> #N/A | E98: 1 | F98: 209000
B99: ccpmdt62 | C99: móc khoá | D99: =IFERROR(VLOOKUP(B99,'Thống kê'!$C$3:$D$970,2, FALSE),VLOOKUP(B99,'Thống kê v2 CC'!$A$3:$D$1005,3, FALSE)) -> 0 | E99: 1 | F99: 68500 | G99: 47316
B100: ccpmdt21 | C100: móc khoá | D100: =IFERROR(VLOOKUP(B100,'Thống kê'!$C$3:$D$970,2, FALSE),VLOOKUP(B100,'Thống kê v2 CC'!$A$3:$D$1005,3, FALSE)) -> 0 | E100: 1 | F100: 68500 | G100: 47316
...

Sheet Thống kê v2 CC
A1: Cửa hàng Chút Chíu
A3: Mã | B3: Kiểu dáng | C3: Tên sản phẩm | D3: Hình ảnh | E3: Nhập | F3: Xuất | G3: Tồn
A4: Crybaby01 | B4: Mô hình | C4: POP BEAN Pajama Party | E4: =+ SUMIF('Nhập kho T42024'!B:B, A4,'Nhập kho T42024'!F:F) -> 67 | F4: =+ SUMIF('Doanh thu 2025'!B:B, A4,'Doanh thu 2025'!E:E) -> 1 | G4: =E4-F4 -> 66
A5: Crybaby01-ct00 | B5: Móc khóa | C5: POP BEAN Pajama Party | E5: =+ SUMIF('Nhập kho T42024'!B:B, A5,'Nhập kho T42024'!F:F) -> 0 | F5: =+ SUMIF('Doanh thu 2025'!B:B, A5,'Doanh thu 2025'!E:E) -> 7 | G5: =E5-F5 -> -7
A6: Crybaby01-ct03 | B6: Móc khóa | C6: POP BEAN Pajama Party | E6: =+ SUMIF('Nhập kho T42024'!B:B, A6,'Nhập kho T42024'!F:F) -> 0 | F6: =+ SUMIF('Doanh thu 2025'!B:B, A6,'Doanh thu 2025'!E:E) -> 5 | G6: =E6-F6+4 -> -1
A7: crybaby01-ct06 | B7: Móc khóa | C7: POP BEAN Pajama Party | E7: =+ SUMIF('Nhập kho T42024'!B:B, A7,'Nhập kho T42024'!F:F) -> 10 | F7: =+ SUMIF('Doanh thu 2025'!B:B, A7,'Doanh thu 2025'!E:E) -> 2 | G7: =E7-F7+4 -> 12
A8: crybaby02-ct05 | B8: Móc khóa | C8: Pop Bean Popmart | E8: =+ SUMIF('Nhập kho T42024'!B:B, A8,'Nhập kho T42024'!F:F) -> 10 | F8: =+ SUMIF('Doanh thu 2025'!B:B, A8,'Doanh thu 2025'!E:E) -> 0 | G8: =E8-F8+4 -> 14
A9: Dimoo01 | B9: Mô hình | C9: POP BEAN Pajama Party | E9: =+ SUMIF('Nhập kho T42024'!B:B, A9,'Nhập kho T42024'!F:F) -> 20 | F9: =+ SUMIF('Doanh thu 2025'!B:B, A9,'Doanh thu 2025'!E:E) -> 0 | G9: =E9-F9 -> 20
A10: Dimoo01-ct00 | B10: Móc khóa | C10: POP BEAN Pajama Party | E10: =+ SUMIF('Nhập kho T42024'!B:B, A10,'Nhập kho T42024'!F:F) -> 0 | F10: =+ SUMIF('Doanh thu 2025'!B:B, A10,'Doanh thu 2025'!E:E) -> 2 | G10: =E10-F10 -> -2
A11: Dimoo02 | B11: Mô hình | C11: POP BEAN Pajama Party | E11: =+ SUMIF('Nhập kho T42024'!B:B, A11,'Nhập kho T42024'!F:F) -> 5 | F11: =+ SUMIF('Doanh thu 2025'!B:B, A11,'Doanh thu 2025'!E:E) -> 0 | G11: =E11-F11 -> 5
A12: Dimoo02-ct00 | B12: Móc khóa | C12: POP BEAN Pajama Party | E12: =+ SUMIF('Nhập kho T42024'!B:B, A12,'Nhập kho T42024'!F:F) -> 0 | F12: =+ SUMIF('Doanh thu 2025'!B:B, A12,'Doanh thu 2025'!E:E) -> 3 | G12: =E12-F12 -> -3
A13: Hacipupu01 | B13: Mô hình | C13: POP BEAN Pajama Party | E13: =+ SUMIF('Nhập kho T42024'!B:B, A13,'Nhập kho T42024'!F:F) -> 3 | F13: =+ SUMIF('Doanh thu 2025'!B:B, A13,'Doanh thu 2025'!E:E) -> 0 | G13: =E13-F13 -> 3
A14: Hacipupu01-ct00 | B14: Móc khóa | C14: POP BEAN Pajama Party | E14: =+ SUMIF('Nhập kho T42024'!B:B, A14,'Nhập kho T42024'!F:F) -> 0 | F14: =+ SUMIF('Doanh thu 2025'!B:B, A14,'Doanh thu 2025'!E:E) -> 0 | G14: =E14-F14 -> 0
A15: Kubo01 | B15: Mô hình | C15: POP BEAN Pajama Party | E15: =+ SUMIF('Nhập kho T42024'!B:B, A15,'Nhập kho T42024'!F:F) -> 30 | F15: =+ SUMIF('Doanh thu 2025'!B:B, A15,'Doanh thu 2025'!E:E) -> 1 | G15: =E15-F15 -> 29
A16: Kubo01-ct00 | B16: Móc khóa | C16: POP BEAN Pajama Party | E16: =+ SUMIF('Nhập kho T42024'!B:B, A16,'Nhập kho T42024'!F:F) -> 0 | F16: =+ SUMIF('Doanh thu 2025'!B:B, A16,'Doanh thu 2025'!E:E) -> 4 | G16: =E16-F16 -> -4
A17: Kubo01-ct03 | B17: Móc khóa | C17: POP BEAN Pajama Party | E17: =+ SUMIF('Nhập kho T42024'!B:B, A17,'Nhập kho T42024'!F:F) -> 0 | F17: =+ SUMIF('Doanh thu 2025'!B:B, A17,'Doanh thu 2025'!E:E) -> 1 | G17: =E17-F17+2 -> 1
A18: Labubu01 | B18: Mô hình | C18: POP BEAN Pajama Party | E18: =+ SUMIF('Nhập kho T42024'!B:B, A18,'Nhập kho T42024'!F:F) -> 2 | F18: =+ SUMIF('Doanh thu 2025'!B:B, A18,'Doanh thu 2025'!E:E) -> 0 | G18: =E18-F18 -> 2
A19: Labubu01-ct00 | B19: Móc khóa | C19: POP BEAN Pajama Party | E19: =+ SUMIF('Nhập kho T42024'!B:B, A19,'Nhập kho T42024'!F:F) -> 0 | F19: =+ SUMIF('Doanh thu 2025'!B:B, A19,'Doanh thu 2025'!E:E) -> 0 | G19: =E19-F19 -> 0
A20: Molly01 | B20: Mô hình | C20: POP BEAN Pajama Party | E20: =+ SUMIF('Nhập kho T42024'!B:B, A20,'Nhập kho T42024'!F:F) -> 6 | F20: =+ SUMIF('Doanh thu 2025'!B:B, A20,'Doanh thu 2025'!E:E) -> 0 | G20: =E20-F20 -> 6
A21: Molly01-ct00 | B21: Móc khóa | C21: POP BEAN Pajama Party | E21: =+ SUMIF('Nhập kho T42024'!B:B, A21,'Nhập kho T42024'!F:F) -> 0 | F21: =+ SUMIF('Doanh thu 2025'!B:B, A21,'Doanh thu 2025'!E:E) -> 1 | G21: =E21-F21 -> -1
A22: Nyota01 | B22: Mô hình | C22: POP BEAN Pajama Party | E22: =+ SUMIF('Nhập kho T42024'!B:B, A22,'Nhập kho T42024'!F:F) -> 2 | F22: =+ SUMIF('Doanh thu 2025'!B:B, A22,'Doanh thu 2025'!E:E) -> 0 | G22: =E22-F22 -> 2
A23: Nyota01-ct00 | B23: Móc khóa | C23: POP BEAN Pajama Party | E23: =+ SUMIF('Nhập kho T42024'!B:B, A23,'Nhập kho T42024'!F:F) -> 0 | F23: =+ SUMIF('Doanh thu 2025'!B:B, A23,'Doanh thu 2025'!E:E) -> 2 | G23: =E23-F23 -> -2
A24: Pino01 | B24: Mô hình | C24: POP BEAN Pajama Party | E24: =+ SUMIF('Nhập kho T42024'!B:B, A24,'Nhập kho T42024'!F:F) -> 7 | F24: =+ SUMIF('Doanh thu 2025'!B:B, A24,'Doanh thu 2025'!E:E) -> 0 | G24: =E24-F24 -> 7
A25: Pino01-ct00 | B25: Móc khóa | C25: POP BEAN Pajama Party | E25: =+ SUMIF('Nhập kho T42024'!B:B, A25,'Nhập kho T42024'!F:F) -> 0 | F25: =+ SUMIF('Doanh thu 2025'!B:B, A25,'Doanh thu 2025'!E:E) -> 1 | G25: =E25-F25 -> -1
A26: Pucky01 | B26: Mô hình | C26: POP BEAN Pajama Party | E26: =+ SUMIF('Nhập kho T42024'!B:B, A26,'Nhập kho T42024'!F:F) -> 2 | F26: =+ SUMIF('Doanh thu 2025'!B:B, A26,'Doanh thu 2025'!E:E) -> 0 | G26: =E26-F26 -> 2
A27: Pucky01-ct00 | B27: Móc khóa | C27: POP BEAN Pajama Party | E27: =+ SUMIF('Nhập kho T42024'!B:B, A27,'Nhập kho T42024'!F:F) -> 0 | F27: =+ SUMIF('Doanh thu 2025'!B:B, A27,'Doanh thu 2025'!E:E) -> 1 | G27: =E27-F27 -> -1
A28: Skullpanda01 | B28: Mô hình | C28: POP BEAN Pajama Party | E28: =+ SUMIF('Nhập kho T42024'!B:B, A28,'Nhập kho T42024'!F:F) -> 40 | F28: =+ SUMIF('Doanh thu 2025'!B:B, A28,'Doanh thu 2025'!E:E) -> 0 | G28: =E28-F28 -> 40
A29: Skullpanda01-ct00 | B29: Móc khóa | C29: POP BEAN Pajama Party | E29: =+ SUMIF('Nhập kho T42024'!B:B, A29,'Nhập kho T42024'!F:F) -> 0 | F29: =+ SUMIF('Doanh thu 2025'!B:B, A29,'Doanh thu 2025'!E:E) -> 2 | G29: =E29-F29 -> -2
A30: Skullpanda01-ct03 | E30: =+ SUMIF('Nhập kho T42024'!B:B, A30,'Nhập kho T42024'!F:F) -> 0 | F30: =+ SUMIF('Doanh thu 2025'!B:B, A30,'Doanh thu 2025'!E:E) -> 1 | G30: =E30-F30+1 -> 0
A31: skullpanda02-ct05 | B31: Móc khóa | C31: Pop Bean Popmart | E31: =+ SUMIF('Nhập kho T42024'!B:B, A31,'Nhập kho T42024'!F:F) -> 10 | F31: =+ SUMIF('Doanh thu 2025'!B:B, A31,'Doanh thu 2025'!E:E) -> 1 | G31: =E31-F31+1 -> 10
A32: skullpanda03-ct06 | B32: Móc khóa | C32: Pop Bean Popmart | E32: =+ SUMIF('Nhập kho T42024'!B:B, A32,'Nhập kho T42024'!F:F) -> 10 | F32: =+ SUMIF('Doanh thu 2025'!B:B, A32,'Doanh thu 2025'!E:E) -> 1 | G32: =E32-F32+1 -> 10
A33: Sweetbean01 | B33: Mô hình | C33: POP BEAN Pajama Party | E33: =+ SUMIF('Nhập kho T42024'!B:B, A33,'Nhập kho T42024'!F:F) -> 5 | F33: =+ SUMIF('Doanh thu 2025'!B:B, A33,'Doanh thu 2025'!E:E) -> 0 | G33: =E33-F33 -> 5
A34: Sweetbean01-ct00 | B34: Móc khóa | C34: POP BEAN Pajama Party | E34: =+ SUMIF('Nhập kho T42024'!B:B, A34,'Nhập kho T42024'!F:F) -> 0 | F34: =+ SUMIF('Doanh thu 2025'!B:B, A34,'Doanh thu 2025'!E:E) -> 0 | G34: =E34-F34 -> 0
A35: Twinkle01 | B35: Mô hình | C35: POP BEAN Pajama Party | E35: =+ SUMIF('Nhập kho T42024'!B:B, A35,'Nhập kho T42024'!F:F) -> 4 | F35: =+ SUMIF('Doanh thu 2025'!B:B, A35,'Doanh thu 2025'!E:E) -> 0 | G35: =E35-F35 -> 4
A36: Twinkle01-ct00 | B36: Móc khóa | C36: POP BEAN Pajama Party | E36: =+ SUMIF('Nhập kho T42024'!B:B, A36,'Nhập kho T42024'!F:F) -> 0 | F36: =+ SUMIF('Doanh thu 2025'!B:B, A36,'Doanh thu 2025'!E:E) -> 1 | G36: =E36-F36 -> -1
A37: Zsiga01 | B37: Mô hình | C37: POP BEAN Pajama Party | E37: =+ SUMIF('Nhập kho T42024'!B:B, A37,'Nhập kho T42024'!F:F) -> 4 | F37: =+ SUMIF('Doanh thu 2025'!B:B, A37,'Doanh thu 2025'!E:E) -> 0 | G37: =E37-F37 -> 4
A38: Zsiga01-ct00 | B38: Móc khóa | C38: POP BEAN Pajama Party | E38: =+ SUMIF('Nhập kho T42024'!B:B, A38,'Nhập kho T42024'!F:F) -> 0 | F38: =+ SUMIF('Doanh thu 2025'!B:B, A38,'Doanh thu 2025'!E:E) -> 0 | G38: =E38-F38 -> 0
A39: Zsiga02 | B39: Mô hình | C39: POP BEAN Pajama Party | E39: =+ SUMIF('Nhập kho T42024'!B:B, A39,'Nhập kho T42024'!F:F) -> 7 | F39: =+ SUMIF('Doanh thu 2025'!B:B, A39,'Doanh thu 2025'!E:E) -> 0 | G39: =E39-F39 -> 7
A40: Zsiga02-ct00 | B40: Móc khóa | C40: POP BEAN Pajama Party | E40: =+ SUMIF('Nhập kho T42024'!B:B, A40,'Nhập kho T42024'!F:F) -> 0 | F40: =+ SUMIF('Doanh thu 2025'!B:B, A40,'Doanh thu 2025'!E:E) -> 0 | G40: =E40-F40 -> 0
A41: Zsiga03-ct06 | B41: Móc khóa | C41: Pop Bean Popmart | E41: =+ SUMIF('Nhập kho T42024'!B:B, A41,'Nhập kho T42024'!F:F) -> 5 | F41: =+ SUMIF('Doanh thu 2025'!B:B, A41,'Doanh thu 2025'!E:E) -> 2 | G41: =E41-F41 -> 3
E42: =+ SUMIF('Nhập kho T42024'!B:B, A42,'Nhập kho T42024'!F:F) -> 0 | F42: =+ SUMIF('Doanh thu 2025'!B:B, A42,'Doanh thu 2025'!E:E) -> 0 | G42: =E42-F42 -> 0
E43: =+ SUMIF('Nhập kho T42024'!B:B, A43,'Nhập kho T42024'!F:F) -> 0 | F43: =+ SUMIF('Doanh thu 2025'!B:B, A43,'Doanh thu 2025'!E:E) -> 0 | G43: =E43-F43 -> 0
E44: =+ SUMIF('Nhập kho T42024'!B:B, A44,'Nhập kho T42024'!F:F) -> 0 | F44: =+ SUMIF('Doanh thu 2025'!B:B, A44,'Doanh thu 2025'!E:E) -> 0 | G44: =E44-F44 -> 0
E45: =+ SUMIF('Nhập kho T42024'!B:B, A45,'Nhập kho T42024'!F:F) -> 0 | F45: =+ SUMIF('Doanh thu 2025'!B:B, A45,'Doanh thu 2025'!E:E) -> 0 | G45: =E45-F45 -> 0
E46: =+ SUMIF('Nhập kho T42024'!B:B, A46,'Nhập kho T42024'!F:F) -> 0 | F46: =+ SUMIF('Doanh thu 2025'!B:B, A46,'Doanh thu 2025'!E:E) -> 0 | G46: =E46-F46 -> 0
E47: =+ SUMIF('Nhập kho T42024'!B:B, A47,'Nhập kho T42024'!F:F) -> 0 | F47: =+ SUMIF('Doanh thu 2025'!B:B, A47,'Doanh thu 2025'!E:E) -> 0 | G47: =E47-F47 -> 0
E48: =+ SUMIF('Nhập kho T42024'!B:B, A48,'Nhập kho T42024'!F:F) -> 0 | F48: =+ SUMIF('Doanh thu 2025'!B:B, A48,'Doanh thu 2025'!E:E) -> 0 | G48: =E48-F48 -> 0
E49: =+ SUMIF('Nhập kho T42024'!B:B, A49,'Nhập kho T42024'!F:F) -> 0 | F49: =+ SUMIF('Doanh thu 2025'!B:B, A49,'Doanh thu 2025'!E:E) -> 0 | G49: =E49-F49 -> 0
E50: =+ SUMIF('Nhập kho T42024'!B:B, A50,'Nhập kho T42024'!F:F) -> 0 | F50: =+ SUMIF('Doanh thu 2025'!B:B, A50,'Doanh thu 2025'!E:E) -> 0 | G50: =E50-F50 -> 0
E51: =+ SUMIF('Nhập kho T42024'!B:B, A51,'Nhập kho T42024'!F:F) -> 0 | F51: =+ SUMIF('Doanh thu 2025'!B:B, A51,'Doanh thu 2025'!E:E) -> 0 | G51: =E51-F51 -> 0
E52: =+ SUMIF('Nhập kho T42024'!B:B, A52,'Nhập kho T42024'!F:F) -> 0 | F52: =+ SUMIF('Doanh thu 2025'!B:B, A52,'Doanh thu 2025'!E:E) -> 0 | G52: =E52-F52 -> 0
E53: =+ SUMIF('Nhập kho T42024'!B:B, A53,'Nhập kho T42024'!F:F) -> 0 | F53: =+ SUMIF('Doanh thu 2025'!B:B, A53,'Doanh thu 2025'!E:E) -> 0 | G53: =E53-F53 -> 0
... E57: =+ SUMIF('Nhập kho T42024'!B:B, A57,'Nhập kho T42024'!F:F) -> 0 | F57: =+ SUMIF('Doanh thu 2025'!B:B, A57,'Doanh thu 2025'!E:E) -> 0 | G57: =E57-F57 -> 0
E58: =+ SUMIF('Nhập kho T42024'!B:B, A58,'Nhập kho T42024'!F:F) -> 0 | F58: =+ SUMIF('Doanh thu 2025'!B:B, A58,'Doanh thu 2025'!E:E) -> 0
A59: Mã | B59: Tên sản phẩm | C59: Hình ảnh | D59: Nhập | E59: Xuất | F59: Tồn

Sheet Thống kê
B1: DANH MỤC HÀNG HÓA
B2: STT | C2: Mã hàng | D2: Tên quy cách | E2: ĐVT | F2: Giá bán | G2: Nhập | H2: Xuất | I2: Tồn | J2: Tổng doanh thu | K2: Doanh thu T4 | L2: Tổng nhập | M2: Tổng số bán | N2: Lợi nhuận
A3: TÚI CHƯỜM BỤNG | B3: 1 | C3: TCB01 | D3: Túi chườm bụng trái bơ 1000ml | E3: túi | F3: 101150 | G3: =+ SUMIF('Nhập kho T42024'!B:B, C3,'Nhập kho T42024'!F:F) -> 4 | H3: =+ SUMIF('Doanh thu'!A:A, C3,'Doanh thu'!E:E) + SUMIF('Doanh thu 2025'!B:B, C3,'Doanh thu 2025'!E:E) -> 5 | I3: =G3-H3 -> -1 | J3: =SUM(K3) -> 404600 | K3: =+ SUMIF('Doanh thu'!A:A, C3,'Doanh thu'!F:F) -> 404600
B4: 1 | C4: TCB01-500 | D4: Túi chườm bụng trái bơ 500ml | E4: túi | F4: 78200 | G4: =+ SUMIF('Nhập kho T42024'!B:B, C4,'Nhập kho T42024'!F:F) -> 6 | H4: =+ SUMIF('Doanh thu'!A:A, C4,'Doanh thu'!E:E) + SUMIF('Doanh thu 2025'!B:B, C4,'Doanh thu 2025'!E:E) -> 6 | I4: =G4-H4+1 -> 1 | J4: =SUM(K4) -> 469200 | K4: =+ SUMIF('Doanh thu'!A:A, C4,'Doanh thu'!F:F) -> 469200
B5: 1 | C5: TCB02 | D5: Túi chườm bụng dâu (xanh) 1000ml | E5: túi | F5: 101150 | G5: =+ SUMIF('Nhập kho T42024'!B:B, C5,'Nhập kho T42024'!F:F) -> 4 | H5: =+ SUMIF('Doanh thu'!A:A, C5,'Doanh thu'!E:E) + SUMIF('Doanh thu 2025'!B:B, C5,'Doanh thu 2025'!E:E) -> 7 | I5: =G5-H5+3 -> 0 | J5: =SUM(K5) -> 708050 | K5: =+ SUMIF('Doanh thu'!A:A, C5,'Doanh thu'!F:F) -> 708050
B6: 1 | C6: TCB02-500 | D6: Túi chườm bụng dâu (xanh) 500ml | E6: túi | F6: 78200 | G6: =+ SUMIF('Nhập kho T42024'!B:B, C6,'Nhập kho T42024'!F:F) -> 6 | H6: =+ SUMIF('Doanh thu'!A:A, C6,'Doanh thu'!E:E) + SUMIF('Doanh thu 2025'!B:B, C6,'Doanh thu 2025'!E:E) -> 4 | I6: =G6-H6 -> 2 | J6: =SUM(K6) -> 234600 | K6: =+ SUMIF('Doanh thu'!A:A, C6,'Doanh thu'!F:F) -> 234600
B7: 1 | C7: TCB03 | D7: Túi chườm bụng dâu (hồng đất) 1000ml | E7: túi | F7: 101150 | G7: =+ SUMIF('Nhập kho T42024'!B:B, C7,'Nhập kho T42024'!F:F) -> 3 | H7: =+ SUMIF('Doanh thu'!A:A, C7,'Doanh thu'!E:E) + SUMIF('Doanh thu 2025'!B:B, C7,'Doanh thu 2025'!E:E) -> 8 | I7: =G7-H7+3 -> -2 | J7: =SUM(K7) -> 708050 | K7: =+ SUMIF('Doanh thu'!A:A, C7,'Doanh thu'!F:F) -> 708050
B8: 1 | C8: TCB03-500 | D8: Túi chườm bụng dâu (hồng đất) 500ml | E8: túi | F8: 78200 | G8: =+ SUMIF('Nhập kho T42024'!B:B, C8,'Nhập kho T42024'!F:F) -> 6 | H8: =+ SUMIF('Doanh thu'!A:A, C8,'Doanh thu'!E:E) + SUMIF('Doanh thu 2025'!B:B, C8,'Doanh thu 2025'!E:E) -> 0 | I8: =G8-H8 -> 6 | J8: =SUM(K8) -> 0 | K8: =+ SUMIF('Doanh thu'!A:A, C8,'Doanh thu'!F:F) -> 0
B9: 1 | C9: TCB04 | D9: Túi chườm bụng dứa (xanh đậm) 1000ml | E9: túi | F9: 101150 | G9: =+ SUMIF('Nhập kho T42024'!B:B, C9,'Nhập kho T42024'!F:F) -> 5 | H9: =+ SUMIF('Doanh thu'!A:A, C9,'Doanh thu'!E:E) + SUMIF('Doanh thu 2025'!B:B, C9,'Doanh thu 2025'!E:E) -> 10 | I9: =G9-H9+1 -> -4 | J9: =SUM(K9) -> 910350 | K9: =+ SUMIF('Doanh thu'!A:A, C9,'Doanh thu'!F:F) -> 910350
B10: 1 | C10: TCB04-500 | D10: Túi chườm bụng dứa (xanh đậm) 500ml | E10: túi | F10: 78200 | G10: =+ SUMIF('Nhập kho T42024'!B:B, C10,'Nhập kho T42024'!F:F) -> 3 | H10: =+ SUMIF('Doanh thu'!A:A, C10,'Doanh thu'!E:E) + SUMIF('Doanh thu 2025'!B:B, C10,'Doanh thu 2025'!E:E) -> 4 | I10: =G10-H10+3 -> 2 | J10: =SUM(K10) -> 312800 | K10: =+ SUMIF('Doanh thu'!A:A, C10,'Doanh thu'!F:F) -> 312800
B11: 1 | C11: TCB05 | D11: Túi chườm bụng thỏ và dứa 1000ml | E11: túi | F11: 101500 | G11: =+ SUMIF('Nhập kho T42024'!B:B, C11,'Nhập kho T42024'!F:F) -> 5 | H11: =+ SUMIF('Doanh thu'!A:A, C11,'Doanh thu'!E:E) + SUMIF('Doanh thu 2025'!B:B, C11,'Doanh thu 2025'!E:E) -> 4 | I11: =G11-H11-1 -> 0 | J11: =SUM(K11) -> 406000 | K11: =+ SUMIF('Doanh thu'!A:A, C11,'Doanh thu'!F:F) -> 406000
B12: 1 | C12: TCB05-500 | D12: Túi chườm bụng thỏ và dứa 500ml | E12: túi | F12: 78200 | G12: =+ SUMIF('Nhập kho T42024'!B:B, C12,'Nhập kho T42024'!F:F) -> 5 | H12: =+ SUMIF('Doanh thu'!A:A, C12,'Doanh thu'!E:E) + SUMIF('Doanh thu 2025'!B:B, C12,'Doanh thu 2025'!E:E) -> 3 | I12: =G12-H12+1 -> 3 | J12: =SUM(K12) -> 156400 | K12: =+ SUMIF('Doanh thu'!A:A, C12,'Doanh thu'!F:F) -> 156400
B13: 1 | C13: TCB11 | D13: Túi chườm bụng trái bơ 500ml | E13: túi | F13: 72250 | G13: =+ SUMIF('Nhập kho T42024'!B:B, C13,'Nhập kho T42024'!F:F) -> 0 | H13: =+ SUMIF('Doanh thu'!A:A, C13,'Doanh thu'!E:E) + SUMIF('Doanh thu 2025'!B:B, C13,'Doanh thu 2025'!E:E) -> 0 | I13: =G13-H13 -> 0 | J13: =SUM(K13) -> 0 | K13: =+ SUMIF('Doanh thu'!A:A, C13,'Doanh thu'!F:F) -> 0
B14: 1 | C14: TCB12 | D14: Túi chườm bụng dâu tây 500ml | E14: túi | F14: 72250 | G14: =+ SUMIF('Nhập kho T42024'!B:B, C14,'Nhập kho T42024'!F:F) -> 0 | H14: =+ SUMIF('Doanh thu'!A:A, C14,'Doanh thu'!E:E) + SUMIF('Doanh thu 2025'!B:B, C14,'Doanh thu 2025'!E:E) -> 0 | I14: =G14-H14 -> 0 | J14: =SUM(K14) -> 0 | K14: =+ SUMIF('Doanh thu'!A:A, C14,'Doanh thu'!F:F) -> 0
B15: 1 | C15: TCB13 | D15: Túi chườm bụng dứa xanh đậm 500ml | E15: túi | F15: 72250 | G15: =+ SUMIF('Nhập kho T42024'!B:B, C15,'Nhập kho T42024'!F:F) -> 0 | H15: =+ SUMIF('Doanh thu'!A:A, C15,'Doanh thu'!E:E) + SUMIF('Doanh thu 2025'!B:B, C15,'Doanh thu 2025'!E:E) -> 0 | I15: =G15-H15 -> 0 | J15: =SUM(K15) -> 0 | K15: =+ SUMIF('Doanh thu'!A:A, C15,'Doanh thu'!F:F) -> 0
B16: 1 | C16: TCB14 | D16: Túi chườm bụng dâu xanh nhạt 500ml | E16: túi | F16: 72250 | G16: =+ SUMIF('Nhập kho T42024'!B:B, C16,'Nhập kho T42024'!F:F) -> 0 | H16: =+ SUMIF('Doanh thu'!A:A, C16,'Doanh thu'!E:E) + SUMIF('Doanh thu 2025'!B:B, C16,'Doanh thu 2025'!E:E) -> 0 | I16: =G16-H16 -> 0 | J16: =SUM(K16) -> 0 | K16: =+ SUMIF('Doanh thu'!A:A, C16,'Doanh thu'!F:F) -> 0
B17: 1 | C17: TCB15 | D17: Túi chườm bụng thỏ dứa 500ml | E17: túi | F17: 72250 | G17: =+ SUMIF('Nhập kho T42024'!B:B, C17,'Nhập kho T42024'!F:F) -> 0 | H17: =+ SUMIF('Doanh thu'!A:A, C17,'Doanh thu'!E:E) + SUMIF('Doanh thu 2025'!B:B, C17,'Doanh thu 2025'!E:E) -> 0 | I17: =G17-H17 -> 0 | J17: =SUM(K17) -> 0 | K17: =+ SUMIF('Doanh thu'!A:A, C17,'Doanh thu'!F:F) -> 0
B18: 1 | C18: TCB16 | D18: Túi chườm bụng gấu nâu 500ml | E18: túi | F18: 72250 | G18: =+ SUMIF('Nhập kho T42024'!B:B, C18,'Nhập kho T42024'!F:F) -> 0 | H18: =+ SUMIF('Doanh thu'!A:A, C18,'Doanh thu'!E:E) + SUMIF('Doanh thu 2025'!B:B, C18,'Doanh thu 2025'!E:E) -> 8 | I18: =G18-H18+8 -> 0 | J18: =SUM(K18) -> 578000 | K18: =+ SUMIF('Doanh thu'!A:A, C18,'Doanh thu'!F:F) -> 578000
B19: 1 | C19: TCB17 | D19: Túi chườm bụng vịt vàng 500ml | E19: túi | F19: 72250 | G19: =+ SUMIF('Nhập kho T42024'!B:B, C19,'Nhập kho T42024'!F:F) -> 0 | H19: =+ SUMIF('Doanh thu'!A:A, C19,'Doanh thu'!E:E) + SUMIF('Doanh thu 2025'!B:B, C19,'Doanh thu 2025'!E:E) -> 5 | I19: =G19-H19+6 -> 1 | J19: =SUM(K19) -> 361250 | K19: =+ SUMIF('Doanh thu'!A:A, C19,'Doanh thu'!F:F) -> 361250
B20: 1 | C20: TCB18 | D20: Túi chườm bụng thỏ hồng 500ml | E20: túi | F20: 72250 | G20: =+ SUMIF('Nhập kho T42024'!B:B, C20,'Nhập kho T42024'!F:F) -> 0 | H20: =+ SUMIF('Doanh thu'!A:A, C20,'Doanh thu'!E:E) + SUMIF('Doanh thu 2025'!B:B, C20,'Doanh thu 2025'!E:E) -> 9 | I20: =G20-H20+9 -> 0 | J20: =SUM(K20) -> 650250 | K20: =+ SUMIF('Doanh thu'!A:A, C20,'Doanh thu'!F:F) -> 650250
B21: 1 | C21: TCB19 | D21: Túi chườm bụng mèo be 500ml | E21: túi | F21: 72250 | G21: =+ SUMIF('Nhập kho T42024'!B:B, C21,'Nhập kho T42024'!F:F) -> 0 | H21: =+ SUMIF('Doanh thu'!A:A, C21,'Doanh thu'!E:E) + SUMIF('Doanh thu 2025'!B:B, C21,'Doanh thu 2025'!E:E) -> 0 | I21: =G21-H21 -> 0 | J21: =SUM(K21) -> 0 | K21: =+ SUMIF('Doanh thu'!A:A, C21,'Doanh thu'!F:F) -> 0
A22: BAO LÌ XÌ | B22: 1 | C22: LX01 | D22: Bao lì xì | E22: túi 4 cái | F22: 14500 | G22: =+ SUMIF('Nhập kho T42024'!B:B, C22,'Nhập kho T42024'!F:F) -> 70 | H22: =+ SUMIF('Doanh thu'!A:A, C22,'Doanh thu'!E:E) + SUMIF('Doanh thu 2025'!B:B, C22,'Doanh thu 2025'!E:E) -> 70 | I22: =G22-H22 -> 0 | J22: =SUM(K22) -> 14500 | K22: =+ SUMIF('Doanh thu'!A:A, C22,'Doanh thu'!F:F) -> 14500
B23: 1 | C23: LX02 | D23: Bao lì xì | E23: túi 4 cái | F23: 14500 | G23: =+ SUMIF('Nhập kho T42024'!B:B, C23,'Nhập kho T42024'!F:F) -> 70 | H23: =+ SUMIF('Doanh thu'!A:A, C23,'Doanh thu'!E:E) + SUMIF('Doanh thu 2025'!B:B, C23,'Doanh thu 2025'!E:E) -> 71 | I23: =G23-H23 -> -1 | J23: =SUM(K23) -> 87000 | K23: =+ SUMIF('Doanh thu'!A:A, C23,'Doanh thu'!F:F) -> 87000
B24: 1 | C24: LX03 | D24: Bao lì xì | E24: set 6 cái | F24: 14500 | G24: =+ SUMIF('Nhập kho T42024'!B:B, C24,'Nhập kho T42024'!F:F) -> 150 | H24: =+ SUMIF('Doanh thu'!A:A, C24,'Doanh thu'!E:E) + SUMIF('Doanh thu 2025'!B:B, C24,'Doanh thu 2025'!E:E) -> 69 | I24: =G24-H24 -> 81 | J24: =SUM(K24) -> 203000 | K24: =+ SUMIF('Doanh thu'!A:A, C24,'Doanh thu'!F:F) -> 203000
B25: 1 | C25: LX04 | D25: Bao lì xì | E25: set 6 cái | F25: 14500 | G25: =+ SUMIF('Nhập kho T42024'!B:B, C25,'Nhập kho T42024'!F:F) -> 130 | H25: =+ SUMIF('Doanh thu'!A:A, C25,'Doanh thu'!E:E) + SUMIF('Doanh thu 2025'!B:B, C25,'Doanh thu 2025'!E:E) -> 33 | I25: =G25-H25 -> 97 | J25: =SUM(K25) -> 29000 | K25: =+ SUMIF('Doanh thu'!A:A, C25,'Doanh thu'!F:F) -> 29000
B26: 1 | C26: LX05 | D26: Bao lì xì | E26: set 6 cái | F26: 14500 | G26: =+ SUMIF('Nhập kho T42024'!B:B, C26,'Nhập kho T42024'!F:F) -> 110 | H26: =+ SUMIF('Doanh thu'!A:A, C26,'Doanh thu'!E:E) + SUMIF('Doanh thu 2025'!B:B, C26,'Doanh thu 2025'!E:E) -> 49 | I26: =G26-H26 -> 61 | J26: =SUM(K26) -> 58000 | K26: =+ SUMIF('Doanh thu'!A:A, C26,'Doanh thu'!F:F) -> 58000
B27: 1 | C27: LX06 | D27: Bao lì xì | E27: set 6 cái | F27: 14500 | G27: =+ SUMIF('Nhập kho T42024'!B:B, C27,'Nhập kho T42024'!F:F) -> 70 | H27: =+ SUMIF('Doanh thu'!A:A, C27,'Doanh thu'!E:E) + SUMIF('Doanh thu 2025'!B:B, C27,'Doanh thu 2025'!E:E) -> 35 | I27: =G27-H27 -> 35 | J27: =SUM(K27) -> 116000 | K27: =+ SUMIF('Doanh thu'!A:A, C27,'Doanh thu'!F:F) -> 116000
B28: 1 | C28: LX07 | D28: Bao lì xì | E28: set 6 cái | F28: 14500 | G28: =+ SUMIF('Nhập kho T42024'!B:B, C28,'Nhập kho T42024'!F:F) -> 92 | H28: =+ SUMIF('Doanh thu'!A:A, C28,'Doanh thu'!E:E) + SUMIF('Doanh thu 2025'!B:B, C28,'Doanh thu 2025'!E:E) -> 4 | I28: =G28-H28 -> 88 | J28: =SUM(K28) -> 0 | K28: =+ SUMIF('Doanh thu'!A:A, C28,'Doanh thu'!F:F) -> 0
A29: PHỤ KIỆN THỜI TRANG | B29: 1 | C29: CA01 | D29: Cài áo hoa hồng đen | E29: cái | F29: 39500 | G29: =+ SUMIF('Nhập kho T42024'!B:B, C29,'Nhập kho T42024'!F:F) -> 0 | H29: =+ SUMIF('Doanh thu'!A:A, C29,'Doanh thu'!E:E) + SUMIF('Doanh thu 2025'!B:B, C29,'Doanh thu 2025'!E:E) -> 1 | I29: =G29-H29+3 -> 2 | J29: =SUM(K29) -> 0 | K29: =+ SUMIF('Doanh thu'!A:A, C29,'Doanh thu'!F:F) -> 0
B30: 1 | C30: CA02 | D30: Cài áo hoa hồng đỏ | E30: cái | F30: 39500 | G30: =+ SUMIF('Nhập kho T42024'!B:B, C30,'Nhập kho T42024'!F:F) -> 0 | H30: =+ SUMIF('Doanh thu'!A:A, C30,'Doanh thu'!E:E) + SUMIF('Doanh thu 2025'!B:B, C30,'Doanh thu 2025'!E:E) -> 0 | I30: =G30-H30+3 -> 3 | J30: =SUM(K30) -> 0 | K30: =+ SUMIF('Doanh thu'!A:A, C30,'Doanh thu'!F:F) -> 0
B31: 1 | C31: CA03 | D31: Cài áo hoa hồng xanh có ngọc trai | E31: cái | F31: 24900 | G31: =+ SUMIF('Nhập kho T42024'!B:B, C31,'Nhập kho T42024'!F:F) -> 0 | H31: =+ SUMIF('Doanh thu'!A:A, C31,'Doanh thu'!E:E) + SUMIF('Doanh thu 2025'!B:B, C31,'Doanh thu 2025'!E:E) -> 2 | I31: =G31-H31+2 -> 0 | J31: =SUM(K31) -> 49800 | K31: =+ SUMIF('Doanh thu'!A:A, C31,'Doanh thu'!F:F) -> 49800
B32: 1 | C32: CA04 | D32: Cài áo hoa hồng trắng có ngọc trai | E32: cái | F32: 24900 | G32: =+ SUMIF('Nhập kho T42024'!B:B, C32,'Nhập kho T42024'!F:F) -> 0 | H32: =+ SUMIF('Doanh thu'!A:A, C32,'Doanh thu'!E:E) + SUMIF('Doanh thu 2025'!B:B, C32,'Doanh thu 2025'!E:E) -> 1 | I32: =G32-H32+3 -> 2 | J32: =SUM(K32) -> 24900 | K32: =+ SUMIF('Doanh thu'!A:A, C32,'Doanh thu'!F:F) -> 24900
B33: 1 | C33: CA05 | D33: Cài áo ngọc trai bướm vàng | E33: cái | F33: 23900 | G33: =+ SUMIF('Nhập kho T42024'!B:B, C33,'Nhập kho T42024'!F:F) -> 0 | H33: =+ SUMIF('Doanh thu'!A:A, C33,'Doanh thu'!E:E) + SUMIF('Doanh thu 2025'!B:B, C33,'Doanh thu 2025'!E:E) -> 1 | I33: =G33-H33+3 -> 2 | J33: =SUM(K33) -> 23900 | K33: =+ SUMIF('Doanh thu'!A:A, C33,'Doanh thu'!F:F) -> 23900
B34: 1 | C34: CA06 | D34: Cài áo ngọc trai bướm bạc | E34: cái | F34: 23900 | G34: =+ SUMIF('Nhập kho T42024'!B:B, C34,'Nhập kho T42024'!F:F) -> 0 | H34: =+ SUMIF('Doanh thu'!A:A, C34,'Doanh thu'!E:E) + SUMIF('Doanh thu 2025'!B:B, C34,'Doanh thu 2025'!E:E) -> 0 | I34: =G34-H34+3 -> 3 | J34: =SUM(K34) -> 0 | K34: =+ SUMIF('Doanh thu'!A:A, C34,'Doanh thu'!F:F) -> 0
B35: 1 | C35: CA07 | D35: Cài áo tulip | E35: cái | F35: 23900 | G35: =+ SUMIF('Nhập kho T42024'!B:B, C35,'Nhập kho T42024'!F:F) -> 0 | H35: =+ SUMIF('Doanh thu'!A:A, C35,'Doanh thu'!E:E) + SUMIF('Doanh thu 2025'!B:B, C35,'Doanh thu 2025'!E:E) -> 0 | I35: =G35-H35 -> 0 | J35: =SUM(K35) -> 0 | K35: =+ SUMIF('Doanh thu'!A:A, C35,'Doanh thu'!F:F) -> 0
B36: 1 | C36: CA08 | D36: Cài áo lúa | E36: cái | F36: 23900 | G36: =+ SUMIF('Nhập kho T42024'!B:B, C36,'Nhập kho T42024'!F:F) -> 0 | H36: =+ SUMIF('Doanh thu'!A:A, C36,'Doanh thu'!E:E) + SUMIF('Doanh thu 2025'!B:B, C36,'Doanh thu 2025'!E:E) -> 0 | I36: =G36-H36 -> 0 | J36: =SUM(K36) -> 0 | K36: =+ SUMIF('Doanh thu'!A:A, C36,'Doanh thu'!F:F) -> 0
B37: 1 | C37: CA09 | D37: Cài áo xương rồng | E37: cái | F37: 37500 | G37: =+ SUMIF('Nhập kho T42024'!B:B, C37,'Nhập kho T42024'!F:F) -> 0 | H37: =+ SUMIF('Doanh thu'!A:A, C37,'Doanh thu'!E:E) + SUMIF('Doanh thu 2025'!B:B, C37,'Doanh thu 2025'!E:E) -> 0 | I37: =G37-H37+2 -> 2 | J37: =SUM(K37) -> 0 | K37: =+ SUMIF('Doanh thu'!A:A, C37,'Doanh thu'!F:F) -> 0
B38: 1 | C38: CA10 | D38: Cài áo trái tim vàng | E38: cái | F38: 22900 | G38: =+ SUMIF('Nhập kho T42024'!B:B, C38,'Nhập kho T42024'!F:F) -> 0 | H38: =+ SUMIF('Doanh thu'!A:A, C38,'Doanh thu'!E:E) + SUMIF('Doanh thu 2025'!B:B, C38,'Doanh thu 2025'!E:E) -> 1 | I38: =G38-H38+3 -> 2 | J38: =SUM(K38) -> 0 | K38: =+ SUMIF('Doanh thu'!A:A, C38,'Doanh thu'!F:F) -> 0
B39: 1 | C39: CA11 | D39: Cài áo trái tim bạc | E39: cái | F39: 22900 | G39: =+ SUMIF('Nhập kho T42024'!B:B, C39,'Nhập kho T42024'!F:F) -> 0 | H39: =+ SUMIF('Doanh thu'!A:A, C39,'Doanh thu'!E:E) + SUMIF('Doanh thu 2025'!B:B, C39,'Doanh thu 2025'!E:E) -> 2 | I39: =G39-H39+2 -> 0 | J39: =SUM(K39) -> 22900 | K39: =+ SUMIF('Doanh thu'!A:A, C39,'Doanh thu'!F:F) -> 22900
B40: 1 | C40: CA12 | D40: Cài áo kính vàng | E40: cái | F40: 12500 | G40: =+ SUMIF('Nhập kho T42024'!B:B, C40,'Nhập kho T42024'!F:F) -> 0 | H40: =+ SUMIF('Doanh thu'!A:A, C40,'Doanh thu'!E:E) + SUMIF('Doanh thu 2025'!B:B, C40,'Doanh thu 2025'!E:E) -> 2 | I40: =G40-H40+2 -> 0 | J40: =SUM(K40) -> 26500 | K40: =+ SUMIF('Doanh thu'!A:A, C40,'Doanh thu'!F:F) -> 26500
B41: 1 | C41: CA13 | D41: Cài áo kính bạc | E41: cái | F41: 12500 | G41: =+ SUMIF('Nhập kho T42024'!B:B, C41,'Nhập kho T42024'!F:F) -> 0 | H41: =+ SUMIF('Doanh thu'!A:A, C41,'Doanh thu'!E:E) + SUMIF('Doanh thu 2025'!B:B, C41,'Doanh thu 2025'!E:E) -> 2 | I41: =G41-H41+2 -> 0 | J41: =SUM(K41) -> 25000 | K41: =+ SUMIF('Doanh thu'!A:A, C41,'Doanh thu'!F:F) -> 25000
B42: 1 | C42: CA14 | D42: Cài áo ong | E42: cái | F42: 34900 | G42: =+ SUMIF('Nhập kho T42024'!B:B, C42,'Nhập kho T42024'!F:F) -> 0 | H42: =+ SUMIF('Doanh thu'!A:A, C42,'Doanh thu'!E:E) + SUMIF('Doanh thu 2025'!B:B, C42,'Doanh thu 2025'!E:E) -> 1 | I42: =G42-H42+2 -> 1 | J42: =SUM(K42) -> 34900 | K42: =+ SUMIF('Doanh thu'!A:A, C42,'Doanh thu'!F:F) -> 34900
A43: PHỤ KIỆN TÓC | B43: 1 | C43: TC01 | D43: Trâm cài gỗ nâu trơn | E43: cái | F43: 33120 | G43: =+ SUMIF('Nhập kho T42024'!B:B, C43,'Nhập kho T42024'!F:F) -> 0 | H43: =+ SUMIF('Doanh thu'!A:A, C43,'Doanh thu'!E:E) + SUMIF('Doanh thu 2025'!B:B, C43,'Doanh thu 2025'!E:E) -> 0 | I43: =G43-H43 -> 0 | J43: =SUM(K43) -> 0 | K43: =+ SUMIF('Doanh thu'!A:A, C43,'Doanh thu'!F:F) -> 0
B44: 1 | C44: TC02 | D44: Trâm cài hoa xanh | E44: cái | F44: 33120 | G44: =+ SUMIF('Nhập kho T42024'!B:B, C44,'Nhập kho T42024'!F:F) -> 0 | H44: =+ SUMIF('Doanh thu'!A:A, C44,'Doanh thu'!E:E) + SUMIF('Doanh thu 2025'!B:B, C44,'Doanh thu 2025'!E:E) -> 0 | I44: =G44-H44 -> 0 | J44: =SUM(K44) -> 0 | K44: =+ SUMIF('Doanh thu'!A:A, C44,'Doanh thu'!F:F) -> 0
B45: 1 | C45: TC03 | D45: Trâm cài hoa trắng | E45: cái | F45: 33120 | G45: =+ SUMIF('Nhập kho T42024'!B:B, C45,'Nhập kho T42024'!F:F) -> 0 | H45: =+ SUMIF('Doanh thu'!A:A, C45,'Doanh thu'!E:E) + SUMIF('Doanh thu 2025'!B:B, C45,'Doanh thu 2025'!E:E) -> 0 | I45: =G45-H45 -> 0 | J45: =SUM(K45) -> 0 | K45: =+ SUMIF('Doanh thu'!A:A, C45,'Doanh thu'!F:F) -> 0
B46: 1 | C46: TC04 | D46: Trâm cài hoa hồng | E46: cái | F46: 33120 | G46: =+ SUMIF('Nhập kho T42024'!B:B, C46,'Nhập kho T42024'!F:F) -> 0 | H46: =+ SUMIF('Doanh thu'!A:A, C46,'Doanh thu'!E:E) + SUMIF('Doanh thu 2025'!B:B, C46,'Doanh thu 2025'!E:E) -> 0 | I46: =G46-H46 -> 0 | J46: =SUM(K46) -> 0 | K46: =+ SUMIF('Doanh thu'!A:A, C46,'Doanh thu'!F:F) -> 0
B47: 1 | C47: TC05 | D47: Trâm cài gỗ nâu có họa tiết | E47: cái | F47: 33120 | G47: =+ SUMIF('Nhập kho T42024'!B:B, C47,'Nhập kho T42024'!F:F) -> 0 | H47: =+ SUMIF('Doanh thu'!A:A, C47,'Doanh thu'!E:E) + SUMIF('Doanh thu 2025'!B:B, C47,'Doanh thu 2025'!E:E) -> 0 | I47: =G47-H47 -> 0 | J47: =SUM(K47) -> 0 | K47: =+ SUMIF('Doanh thu'!A:A, C47,'Doanh thu'!F:F) -> 0
B48: 1 | C48: TC001 | D48: Trâm cài 01 | E48: cây | F48: 31280 | G48: =+ SUMIF('Nhập kho T42024'!B:B, C48,'Nhập kho T42024'!F:F) -> 0 | H48: =+ SUMIF('Doanh thu'!A:A, C48,'Doanh thu'!E:E) + SUMIF('Doanh thu 2025'!B:B, C48,'Doanh thu 2025'!E:E) -> 0 | I48: =G48-H48+1 -> 1 | J48: =SUM(K48) -> 0 | K48: =+ SUMIF('Doanh thu'!A:A, C48,'Doanh thu'!F:F) -> 0
B49: 1 | C49: TC002 | D49: Trâm cài 02 | E49: cây | F49: 30360 | G49: =+ SUMIF('Nhập kho T42024'!B:B, C49,'Nhập kho T42024'!F:F) -> 0 | H49: =+ SUMIF('Doanh thu'!A:A, C49,'Doanh thu'!E:E) + SUMIF('Doanh thu 2025'!B:B, C49,'Doanh thu 2025'!E:E) -> 7 | I49: =G49-H49+8 -> 1 | J49: =SUM(K49) -> 182160 | K49: =+ SUMIF('Doanh thu'!A:A, C49,'Doanh thu'!F:F) -> 182160
B50: 1 | C50: TC003 | D50: Trâm cài 03 | E50: cây | F50: 32200 | G50: =+ SUMIF('Nhập kho T42024'!B:B, C50,'Nhập kho T42024'!F:F) -> 0 | H50: =+ SUMIF('Doanh thu'!A:A, C50,'Doanh thu'!E:E) + SUMIF('Doanh thu 2025'!B:B, C50,'Doanh thu 2025'!E:E) -> 3 | I50: =G50-H50+8 -> 5 | J50: =SUM(K50) -> 64400 | K50: =+ SUMIF('Doanh thu'!A:A, C50,'Doanh thu'!F:F) -> 64400
B51: 1 | C51: TC004 | D51: Trâm cài 04 | E51: cây | F51: 11040 | G51: =+ SUMIF('Nhập kho T42024'!B:B, C51,'Nhập kho T42024'!F:F) -> 0 | H51: =+ SUMIF('Doanh thu'!A:A, C51,'Doanh thu'!E:E) + SUMIF('Doanh thu 2025'!B:B, C51,'Doanh thu 2025'!E:E) -> 6 | I51: =G51-H51+6 -> 0 | J51: =SUM(K51) -> 66240 | K51: =+ SUMIF('Doanh thu'!A:A, C51,'Doanh thu'!F:F) -> 66240
B52: 1 | C52: TC005 | D52: Trâm cài 05 | E52: cây | F52: 11040 | G52: =+ SUMIF('Nhập kho T42024'!B:B, C52,'Nhập kho T42024'!F:F) -> 0 | H52: =+ SUMIF('Doanh thu'!A:A, C52,'Doanh thu'!E:E) + SUMIF('Doanh thu 2025'!B:B, C52,'Doanh thu 2025'!E:E) -> 0 | I52: =G52-H52 -> 0 | J52: =SUM(K52) -> 0 | K52: =+ SUMIF('Doanh thu'!A:A, C52,'Doanh thu'!F:F) -> 0
B53: 1 | C53: TC006 | D53: Trâm cài 06 | E53: cây | F53: 12880 | G53: =+ SUMIF('Nhập kho T42024'!B:B, C53,'Nhập kho T42024'!F:F) -> 0 | H53: =+ SUMIF('Doanh thu'!A:A, C53,'Doanh thu'!E:E) + SUMIF('Doanh thu 2025'!B:B, C53,'Doanh thu 2025'!E:E) -> 3 | I53: =G53-H53+11 -> 8 | J53: =SUM(K53) -> 38202.6 | K53: =+ SUMIF('Doanh thu'!A:A, C53,'Doanh thu'!F:F) -> 38202.6
B54: 1 | C54: TC007 | D54: Trâm cài 07 | E54: cây | F54: 22080 | G54: =+ SUMIF('Nhập kho T42024'!B:B, C54,'Nhập kho T42024'!F:F) -> 0 | H54: =+ SUMIF('Doanh thu'!A:A, C54,'Doanh thu'!E:E) + SUMIF('Doanh thu 2025'!B:B, C54,'Doanh thu 2025'!E:E) -> 3 | I54: =G54-H54+10 -> 7 | J54: =SUM(K54) -> 44160 | K54: =+ SUMIF('Doanh thu'!A:A, C54,'Doanh thu'!F:F) -> 44160
B55: 1 | C55: TC008 | D55: Trâm cài 08 | E55: cây | F55: 52440 | G55: =+ SUMIF('Nhập kho T42024'!B:B, C55,'Nhập kho T42024'!F:F) -> 0 | H55: =+ SUMIF('Doanh thu'!A:A, C55,'Doanh thu'!E:E) + SUMIF('Doanh thu 2025'!B:B, C55,'Doanh thu 2025'!E:E) -> 2 | I55: =G55-H55+4 -> 2 | J55: =SUM(K55) -> 52440 | K55: =+ SUMIF('Doanh thu'!A:A, C55,'Doanh thu'!F:F) -> 52440
B56: 1 | C56: TC009 | D56: Trâm cài 09 | E56: cây | F56: 28520 | G56: =+ SUMIF('Nhập kho T42024'!B:B, C56,'Nhập kho T42024'!F:F) -> 0 | H56: =+ SUMIF('Doanh thu'!A:A, C56,'Doanh thu'!E:E) + SUMIF('Doanh thu 2025'!B:B, C56,'Doanh thu 2025'!E:E) -> 7 | I56: =G56-H56+12 -> 5 | J56: =SUM(K56) -> 171120 | K56: =+ SUMIF('Doanh thu'!A:A, C56,'Doanh thu'!F:F) -> 171120
B57: 1 | C57: TC010 | D57: Trâm cài 10 | E57: cây | F57: 11040 | G57: =+ SUMIF('Nhập kho T42024'!B:B, C57,'Nhập kho T42024'!F:F) -> 0 | H57: =+ SUMIF('Doanh thu'!A:A, C57,'Doanh thu'!E:E) + SUMIF('Doanh thu 2025'!B:B, C57,'Doanh thu 2025'!E:E) -> 4 | I57: =G57-H57+13 -> 9 | J57: =SUM(K57) -> 19762 | K57: =+ SUMIF('Doanh thu'!A:A, C57,'Doanh thu'!F:F) -> 19762
B58: 1 | C58: TC011 | D58: Trâm cài 11 | E58: cây | F58: 32200 | G58: =+ SUMIF('Nhập kho T42024'!B:B, C58,'Nhập kho T42024'!F:F) -> 0 | H58: =+ SUMIF('Doanh thu'!A:A, C58,'Doanh thu'!E:E) + SUMIF('Doanh thu 2025'!B:B, C58,'Doanh thu 2025'!E:E) -> 4 | I58: =G58-H58+6 -> 2 | J58: =SUM(K58) -> 128800 | K58: =+ SUMIF('Doanh thu'!A:A, C58,'Doanh thu'!F:F) -> 128800
B59: 1 | C59: TC012 | D59: Trâm cài 12 | E59: cây | F59: 32200 | G59: =+ SUMIF('Nhập kho T42024'!B:B, C59,'Nhập kho T42024'!F:F) -> 0 | H59: =+ SUMIF('Doanh thu'!A:A, C59,'Doanh thu'!E:E) + SUMIF('Doanh thu 2025'!B:B, C59,'Doanh thu 2025'!E:E) -> 0 | I59: =G59-H59 -> 0 | J59: =SUM(K59) -> 0 | K59: =+ SUMIF('Doanh thu'!A:A, C59,'Doanh thu'!F:F) -> 0
B60: 1 | C60: TC013 | D60: Trâm cài 13 | E60: cây | F60: 32200 | G60: =+ SUMIF('Nhập kho T42024'!B:B, C60,'Nhập kho T42024'!F:F) -> 0 | H60: =+ SUMIF('Doanh thu'!A:A, C60,'Doanh thu'!E:E) + SUMIF('Doanh thu 2025'!B:B, C60,'Doanh thu 2025'!E:E) -> 0 | I60: =G60-H60 -> 0 | J60: =SUM(K60) -> 0 | K60: =+ SUMIF('Doanh thu'!A:A, C60,'Doanh thu'!F:F) -> 0
B61: 1 | C61: TC014 | D61: Trâm cài 14 | E61: cây | F61: 32200 | G61: =+ SUMIF('Nhập kho T42024'!B:B, C61,'Nhập kho T42024'!F:F) -> 0 | H61: =+ SUMIF('Doanh thu'!A:A, C61,'Doanh thu'!E:E) + SUMIF('Doanh thu 2025'!B:B, C61,'Doanh thu 2025'!E:E) -> 0 | I61: =G61-H61 -> 0 | J61: =SUM(K61) -> 0 | K61: =+ SUMIF('Doanh thu'!A:A, C61,'Doanh thu'!F:F) -> 0
B62: 1 | C62: TC015 | D62: Trâm cài 15 | E62: cây | F62: 32200 | G62: =+ SUMIF('Nhập kho T42024'!B:B, C62,'Nhập kho T42024'!F:F) -> 0 | H62: =+ SUMIF('Doanh thu'!A:A, C62,'Doanh thu'!E:E) + SUMIF('Doanh thu 2025'!B:B, C62,'Doanh thu 2025'!E:E) -> 0 | I62: =G62-H62 -> 0 | J62: =SUM(K62) -> 0 | K62: =+ SUMIF('Doanh thu'!A:A, C62,'Doanh thu'!F:F) -> 0
B63: 1 | C63: TC016 | D63: Trâm cài 16 | E63: cây | F63: 27508 | G63: =+ SUMIF('Nhập kho T42024'!B:B, C63,'Nhập kho T42024'!F:F) -> 0 | H63: =+ SUMIF('Doanh thu'!A:A, C63,'Doanh thu'!E:E) + SUMIF('Doanh thu 2025'!B:B, C63,'Doanh thu 2025'!E:E) -> 0 | I63: =G63-H63+4 -> 4 | J63: =SUM(K63) -> 0 | K63: =+ SUMIF('Doanh thu'!A:A, C63,'Doanh thu'!F:F) -> 0
B64: 1 | C64: TC017 | D64: Trâm cài 17 | E64: cây | F64: 27508 | G64: =+ SUMIF('Nhập kho T42024'!B:B, C64,'Nhập kho T42024'!F:F) -> 0 | H64: =+ SUMIF('Doanh thu'!A:A, C64,'Doanh thu'!E:E) + SUMIF('Doanh thu 2025'!B:B, C64,'Doanh thu 2025'!E:E) -> 0 | I64: =G64-H64 -> 0 | J64: =SUM(K64) -> 0 | K64: =+ SUMIF('Doanh thu'!A:A, C64,'Doanh thu'!F:F) -> 0
B65: 1 | C65: TC018 | D65: Trâm cài 18 | E65: cây | F65: 27508 | G65: =+ SUMIF('Nhập kho T42024'!B:B, C65,'Nhập kho T42024'!F:F) -> 0 | H65: =+ SUMIF('Doanh thu'!A:A, C65,'Doanh thu'!E:E) + SUMIF('Doanh thu 2025'!B:B, C65,'Doanh thu 2025'!E:E) -> 0 | I65: =G65-H65 -> 0 | J65: =SUM(K65) -> 0 | K65: =+ SUMIF('Doanh thu'!A:A, C65,'Doanh thu'!F:F) -> 0
B66: 1 | C66: TC019 | D66: Trâm cài 19 | E66: cây | F66: 27508 | G66: =+ SUMIF('Nhập kho T42024'!B:B, C66,'Nhập kho T42024'!F:F) -> 0 | H66: =+ SUMIF('Doanh thu'!A:A, C66,'Doanh thu'!E:E) + SUMIF('Doanh thu 2025'!B:B, C66,'Doanh thu 2025'!E:E) -> 0 | I66: =G66-H66 -> 0 | J66: =SUM(K66) -> 0 | K66: =+ SUMIF('Doanh thu'!A:A, C66,'Doanh thu'!F:F) -> 0
B67: 1 | C67: TC020 | D67: Trâm cài 20 | E67: cây | F67: 27416 | G67: =+ SUMIF('Nhập kho T42024'!B:B, C67,'Nhập kho T42024'!F:F) -> 0 | H67: =+ SUMIF('Doanh thu'!A:A, C67,'Doanh thu'!E:E) + SUMIF('Doanh thu 2025'!B:B, C67,'Doanh thu 2025'!E:E) -> 1 | I67: =G67-H67+2 -> 1 | J67: =SUM(K67) -> 0 | K67: =+ SUMIF('Doanh thu'!A:A, C67,'Doanh thu'!F:F) -> 0
B68: 1 | C68: TC021 | D68: Trâm cài 21 | E68: cây | F68: 27416 | G68: =+ SUMIF('Nhập kho T42024'!B:B, C68,'Nhập kho T42024'!F:F) -> 0 | H68: =+ SUMIF('Doanh thu'!A:A, C68,'Doanh thu'!E:E) + SUMIF('Doanh thu 2025'!B:B, C68,'Doanh thu 2025'!E:E) -> 0 | I68: =G68-H68 -> 0 | J68: =SUM(K68) -> 0 | K68: =+ SUMIF('Doanh thu'!A:A, C68,'Doanh thu'!F:F) -> 0
B69: 1 | C69: TC022 | D69: Trâm cài 22 | E69: cây | F69: 27416 | G69: =+ SUMIF('Nhập kho T42024'!B:B, C69,'Nhập kho T42024'!F:F) -> 0 | H69: =+ SUMIF('Doanh thu'!A:A, C69,'Doanh thu'!E:E) + SUMIF('Doanh thu 2025'!B:B, C69,'Doanh thu 2025'!E:E) -> 0 | I69: =G69-H69 -> 0 | J69: =SUM(K69) -> 0 | K69: =+ SUMIF('Doanh thu'!A:A, C69,'Doanh thu'!F:F) -> 0
B70: 1 | C70: TC023 | D70: Trâm cài 23 | E70: cây | F70: 33120 | G70: =+ SUMIF('Nhập kho T42024'!B:B, C70,'Nhập kho T42024'!F:F) -> 0 | H70: =+ SUMIF('Doanh thu'!A:A, C70,'Doanh thu'!E:E) + SUMIF('Doanh thu 2025'!B:B, C70,'Doanh thu 2025'!E:E) -> 2 | I70: =G70-H70+10 -> 8 | J70: =SUM(K70) -> 33120 | K70: =+ SUMIF('Doanh thu'!A:A, C70,'Doanh thu'!F:F) -> 33120
B71: 1 | C71: TC024 | D71: Trâm cài 24 | E71: cây | F71: 33120 | G71: =+ SUMIF('Nhập kho T42024'!B:B, C71,'Nhập kho T42024'!F:F) -> 0 | H71: =+ SUMIF('Doanh thu'!A:A, C71,'Doanh thu'!E:E) + SUMIF('Doanh thu 2025'!B:B, C71,'Doanh thu 2025'!E:E) -> 1 | I71: =G71-H71+10 -> 9 | J71: =SUM(K71) -> 33120 | K71: =+ SUMIF('Doanh thu'!A:A, C71,'Doanh thu'!F:F) -> 33120
B72: 1 | C72: TC025 | D72: Trâm cài 25 | E72: cây | F72: 33120 | G72: =+ SUMIF('Nhập kho T42024'!B:B, C72,'Nhập kho T42024'!F:F) -> 0 | H72: =+ SUMIF('Doanh thu'!A:A, C72,'Doanh thu'!E:E) + SUMIF('Doanh thu 2025'!B:B, C72,'Doanh thu 2025'!E:E) -> 2 | I72: =G72-H72+10 -> 8 | J72: =SUM(K72) -> 0 | K72: =+ SUMIF('Doanh thu'!A:A, C72,'Doanh thu'!F:F) -> 0
B73: 1 | C73: TC026 | D73: Trâm cài 26 | E73: cây | F73: 33120 | G73: =+ SUMIF('Nhập kho T42024'!B:B, C73,'Nhập kho T42024'!F:F) -> 0 | H73: =+ SUMIF('Doanh thu'!A:A, C73,'Doanh thu'!E:E) + SUMIF('Doanh thu 2025'!B:B, C73,'Doanh thu 2025'!E:E) -> 8 | I73: =G73-H73+10 -> 2 | J73: =SUM(K73) -> 231840 | K73: =+ SUMIF('Doanh thu'!A:A, C73,'Doanh thu'!F:F) -> 231840
B74: 1 | C74: TC027 | D74: Trâm cài 27 | E74: cây | F74: 36340 | G74: =+ SUMIF('Nhập kho T42024'!B:B, C74,'Nhập kho T42024'!F:F) -> 0 | H74: =+ SUMIF('Doanh thu'!A:A, C74,'Doanh thu'!E:E) + SUMIF('Doanh thu 2025'!B:B, C74,'Doanh thu 2025'!E:E) -> 5 | I74: =G74-H74+10 -> 5 | J74: =SUM(K74) -> 145360 | K74: =+ SUMIF('Doanh thu'!A:A, C74,'Doanh thu'!F:F) -> 145360
B75: 1 | C75: TC028 | D75: Trâm cài 28 | E75: cây | F75: 34500 | G75: =+ SUMIF('Nhập kho T42024'!B:B, C75,'Nhập kho T42024'!F:F) -> 0 | H75: =+ SUMIF('Doanh thu'!A:A, C75,'Doanh thu'!E:E) + SUMIF('Doanh thu 2025'!B:B, C75,'Doanh thu 2025'!E:E) -> 0 | I75: =G75-H75+10 -> 10 | J75: =SUM(K75) -> 0 | K75: =+ SUMIF('Doanh thu'!A:A, C75,'Doanh thu'!F:F) -> 0
B76: 1 | C76: TC029 | D76: Trâm cài 29 | E76: cây | F76: 36340 | G76: =+ SUMIF('Nhập kho T42024'!B:B, C76,'Nhập kho T42024'!F:F) -> 0 | H76: =+ SUMIF('Doanh thu'!A:A, C76,'Doanh thu'!E:E) + SUMIF('Doanh thu 2025'!B:B, C76,'Doanh thu 2025'!E:E) -> 3 | I76: =G76-H76+10 -> 7 | J76: =SUM(K76) -> 109020 | K76: =+ SUMIF('Doanh thu'!A:A, C76,'Doanh thu'!F:F) -> 109020
B77: 1 | C77: TC030 | D77: Trâm cài 30 | E77: cây | F77: 27140 | G77: =+ SUMIF('Nhập kho T42024'!B:B, C77,'Nhập kho T42024'!F:F) -> 0 | H77: =+ SUMIF('Doanh thu'!A:A, C77,'Doanh thu'!E:E) + SUMIF('Doanh thu 2025'!B:B, C77,'Doanh thu 2025'!E:E) -> 1 | I77: =G77-H77+10 -> 9 | J77: =SUM(K77) -> 27140 | K77: =+ SUMIF('Doanh thu'!A:A, C77,'Doanh thu'!F:F) -> 27140
B78: 1 | C78: KTKL01 | D78: Kẹp tóc kim loại bông hoa | E78: cái | F78: 14000 | G78: =+ SUMIF('Nhập kho T42024'!B:B, C78,'Nhập kho T42024'!F:F) -> 0 | H78: =+ SUMIF('Doanh thu'!A:A, C78,'Doanh thu'!E:E) + SUMIF('Doanh thu 2025'!B:B, C78,'Doanh thu 2025'!E:E) -> 8 | I78: =G78-H78+6 -> -2 | J78: =SUM(K78) -> 112127.4 | K78: =+ SUMIF('Doanh thu'!A:A, C78,'Doanh thu'!F:F) -> 112127.4
B79: 1 | C79: KTKL02 | D79: Kẹp tóc kim loại ngôi sao | E79: cái | F79: 14000 | G79: =+ SUMIF('Nhập kho T42024'!B:B, C79,'Nhập kho T42024'!F:F) -> 0 | H79: =+ SUMIF('Doanh thu'!A:A, C79,'Doanh thu'!E:E) + SUMIF('Doanh thu 2025'!B:B, C79,'Doanh thu 2025'!E:E) -> 6 | I79: =G79-H79+9 -> 3 | J79: =SUM(K79) -> 70127.4 | K79: =+ SUMIF('Doanh thu'!A:A, C79,'Doanh thu'!F:F) -> 70127.4
B80: 1 | C80: KTKL03 | D80: Kẹp tóc kim loại vỏ sò | E80: cái | F80: 14000 | G80: =+ SUMIF('Nhập kho T42024'!B:B, C80,'Nhập kho T42024'!F:F) -> 0 | H80: =+ SUMIF('Doanh thu'!A:A, C80,'Doanh thu'!E:E) + SUMIF('Doanh thu 2025'!B:B, C80,'Doanh thu 2025'!E:E) -> 4 | I80: =G80-H80+10 -> 6 | J80: =SUM(K80) -> 56254.8 | K80: =+ SUMIF('Doanh thu'!A:A, C80,'Doanh thu'!F:F) -> 56254.8
B81: 1 | C81: BT201 | D81: Ống 20 dây cột tóc đen | E81: ống | F81: 19000 | G81: =+ SUMIF('Nhập kho T42024'!B:B, C81,'Nhập kho T42024'!F:F) -> 0 | H81: =+ SUMIF('Doanh thu'!A:A, C81,'Doanh thu'!E:E) + SUMIF('Doanh thu 2025'!B:B, C81,'Doanh thu 2025'!E:E) -> 3 | I81: =G81-H81+3 -> 0 | J81: =SUM(K81) -> 38000 | K81: =+ SUMIF('Doanh thu'!A:A, C81,'Doanh thu'!F:F) -> 38000
B82: 1 | C82: BT202 | D82: Ống 20 dây cột tóc kem be nâu | E82: ống | F82: 19000 | G82: =+ SUMIF('Nhập kho T42024'!B:B, C82,'Nhập kho T42024'!F:F) -> 0 | H82: =+ SUMIF('Doanh thu'!A:A, C82,'Doanh thu'!E:E) + SUMIF('Doanh thu 2025'!B:B, C82,'Doanh thu 2025'!E:E) -> 3 | I82: =G82-H82+3 -> 0 | J82: =SUM(K82) -> 57000 | K82: =+ SUMIF('Doanh thu'!A:A, C82,'Doanh thu'!F:F) -> 57000
B83: 1 | C83: BT501 | D83: Ống 50 dây cột tóc đen | E83: ống | F83: 20000 | G83: =+ SUMIF('Nhập kho T42024'!B:B, C83,'Nhập kho T42024'!F:F) -> 0 | H83: =+ SUMIF('Doanh thu'!A:A, C83,'Doanh thu'!E:E) + SUMIF('Doanh thu 2025'!B:B, C83,'Doanh thu 2025'!E:E) -> 7 | I83: =G83-H83+10 -> 3 | J83: =SUM(K83) -> 120000 | K83: =+ SUMIF('Doanh thu'!A:A, C83,'Doanh thu'!F:F) -> 120000
B84: 1 | C84: BT502 | D84: Ống 50 dây cột tóc đen be nâu | E84: ống | F84: 23000 | G84: =+ SUMIF('Nhập kho T42024'!B:B, C84,'Nhập kho T42024'!F:F) -> 0 | H84: =+ SUMIF('Doanh thu'!A:A, C84,'Doanh thu'!E:E) + SUMIF('Doanh thu 2025'!B:B, C84,'Doanh thu 2025'!E:E) -> 3 | I84: =G84-H84+4 -> 1 | J84: =SUM(K84) -> 69000 | K84: =+ SUMIF('Doanh thu'!A:A, C84,'Doanh thu'!F:F) -> 69000
B85: 1 | C85: BT503 | D85: Ống 50 dây cột tóc be nâu | E85: ống | F85: 23000 | G85: =+ SUMIF('Nhập kho T42024'!B:B, C85,'Nhập kho T42024'!F:F) -> 0 | H85: =+ SUMIF('Doanh thu'!A:A, C85,'Doanh thu'!E:E) + SUMIF('Doanh thu 2025'!B:B, C85,'Doanh thu 2025'!E:E) -> 2 | I85: =G85-H85+3 -> 1 | J85: =SUM(K85) -> 46000 | K85: =+ SUMIF('Doanh thu'!A:A, C85,'Doanh thu'!F:F) -> 46000
B86: 1 | C86: BT504 | D86: Ống 50 dây cột tóc nhiều màu | E86: ống | F86: 23000 | G86: =+ SUMIF('Nhập kho T42024'!B:B, C86,'Nhập kho T42024'!F:F) -> 0 | H86: =+ SUMIF('Doanh thu'!A:A, C86,'Doanh thu'!E:E) + SUMIF('Doanh thu 2025'!B:B, C86,'Doanh thu 2025'!E:E) -> 0 | I86: =G86-H86 -> 0 | J86: =SUM(K86) -> 0 | K86: =+ SUMIF('Doanh thu'!A:A, C86,'Doanh thu'!F:F) -> 0
B87: 1 | C87: BT101 | D87: Ống 10 dây cột tóc đen | E87: ống | F87: 30000 | G87: =+ SUMIF('Nhập kho T42024'!B:B, C87,'Nhập kho T42024'!F:F) -> 0 | H87: =+ SUMIF('Doanh thu'!A:A, C87,'Doanh thu'!E:E) + SUMIF('Doanh thu 2025'!B:B, C87,'Doanh thu 2025'!E:E) -> 10 | I87: =G87-H87+5 -> -5 | J87: =SUM(K87) -> 120000 | K87: =+ SUMIF('Doanh thu'!A:A, C87,'Doanh thu'!F:F) -> 120000
B88: 1 | C88: BT102 | D88: Ống 8 dây cột tóc đen xoắn | E88: ống | F88: 28000 | G88: =+ SUMIF('Nhập kho T42024'!B:B, C88,'Nhập kho T42024'!F:F) -> 0 | H88: =+ SUMIF('Doanh thu'!A:A, C88,'Doanh thu'!E:E) + SUMIF('Doanh thu 2025'!B:B, C88,'Doanh thu 2025'!E:E) -> 2 | I88: =G88-H88 -> -2 | J88: =SUM(K88) -> 28000 | K88: =+ SUMIF('Doanh thu'!A:A, C88,'Doanh thu'!F:F) -> 28000
B89: 1 | C89: BT103 | D89: Ống 8 dây cột tóc đen nâu be | E89: ống | F89: 28000 | G89: =+ SUMIF('Nhập kho T42024'!B:B, C89,'Nhập kho T42024'!F:F) -> 0 | H89: =+ SUMIF('Doanh thu'!A:A, C89,'Doanh thu'!E:E) + SUMIF('Doanh thu 2025'!B:B, C89,'Doanh thu 2025'!E:E) -> 1 | I89: =G89-H89 -> -1 | J89: =SUM(K89) -> 28000 | K89: =+ SUMIF('Doanh thu'!A:A, C89,'Doanh thu'!F:F) -> 28000
B90: 1 | C90: BT1001 | D90: Ống 100 dây cột tóc đen | E90: ống | F90: 30000 | G90: =+ SUMIF('Nhập kho T42024'!B:B, C90,'Nhập kho T42024'!F:F) -> 0 | H90: =+ SUMIF('Doanh thu'!A:A, C90,'Doanh thu'!E:E) + SUMIF('Doanh thu 2025'!B:B, C90,'Doanh thu 2025'!E:E) -> 6 | I90: =G90-H90+6 -> 0 | J90: =SUM(K90) -> 90000 | K90: =+ SUMIF('Doanh thu'!A:A, C90,'Doanh thu'!F:F) -> 90000
B91: 1 | C91: BT1002 | D91: Ống 100 dây cột tóc đen nâu be | E91: ống | F91: 30000 | G91: =+ SUMIF('Nhập kho T42024'!B:B, C91,'Nhập kho T42024'!F:F) -> 0 | H91: =+ SUMIF('Doanh thu'!A:A, C91,'Doanh thu'!E:E) + SUMIF('Doanh thu 2025'!B:B, C91,'Doanh thu 2025'!E:E) -> 1 | I91: =G91-H91 -> -1 | J91: =SUM(K91) -> 30000 | K91: =+ SUMIF('Doanh thu'!A:A, C91,'Doanh thu'!F:F) -> 30000
B92: 1 | C92: BT1003 | D92: Ống 100 dây cột tóc be nâu | E92: ống | F92: 30000 | G92: =+ SUMIF('Nhập kho T42024'!B:B, C92,'Nhập kho T42024'!F:F) -> 0 | H92: =+ SUMIF('Doanh thu'!A:A, C92,'Doanh thu'!E:E) + SUMIF('Doanh thu 2025'!B:B, C92,'Doanh thu 2025'!E:E) -> 3 | I92: =G92-H92+2 -> -1 | J92: =SUM(K92) -> 90000 | K92: =+ SUMIF('Doanh thu'!A:A, C92,'Doanh thu'!F:F) -> 90000
B93: 1 | C93: BT1004 | D93: Ống 100 dây cột tóc nhiều màu | E93: ống | F93: 30000 | G93: =+ SUMIF('Nhập kho T42024'!B:B, C93,'Nhập kho T42024'!F:F) -> 0 | H93: =+ SUMIF('Doanh thu'!A:A, C93,'Doanh thu'!E:E) + SUMIF('Doanh thu 2025'!B:B, C93,'Doanh thu 2025'!E:E) -> 0 | I93: =G93-H93+1 -> 1 | J93: =SUM(K93) -> 0 | K93: =+ SUMIF('Doanh thu'!A:A, C93,'Doanh thu'!F:F) -> 0
B94: 1 | C94: BT011 | D94: Ống 6 dây cột tóc đen | E94: ống | F94: 20000 | G94: =+ SUMIF('Nhập kho T42024'!B:B, C94,'Nhập kho T42024'!F:F) -> 0 | H94: =+ SUMIF('Doanh thu'!A:A, C94,'Doanh thu'!E:E) + SUMIF('Doanh thu 2025'!B:B, C94,'Doanh thu 2025'!E:E) -> 1 | I94: =G94-H94+6 -> 5 | J94: =SUM(K94) -> 20000 | K94: =+ SUMIF('Doanh thu'!A:A, C94,'Doanh thu'!F:F) -> 20000
B95: 1 | C95: BT012 | D95: Ống 6 dâu cột tóc nâu | E95: ống | F95: 20000 | G95: =+ SUMIF('Nhập kho T42024'!B:B, C95,'Nhập kho T42024'!F:F) -> 0 | H95: =+ SUMIF('Doanh thu'!A:A, C95,'Doanh thu'!E:E) + SUMIF('Doanh thu 2025'!B:B, C95,'Doanh thu 2025'!E:E) -> 3 | I95: =G95-H95+8 -> 5 | J95: =SUM(K95) -> 60000 | K95: =+ SUMIF('Doanh thu'!A:A, C95,'Doanh thu'!F:F) -> 60000
B96: 1 | C96: BT013 | D96: Ống 6 dây cột tóc be nâu | E96: ống | F96: 20000 | G96: =+ SUMIF('Nhập kho T42024'!B:B, C96,'Nhập kho T42024'!F:F) -> 0 | H96: =+ SUMIF('Doanh thu'!A:A, C96,'Doanh thu'!E:E) + SUMIF('Doanh thu 2025'!B:B, C96,'Doanh thu 2025'!E:E) -> 4 | I96: =G96-H96+9 -> 5 | J96: =SUM(K96) -> 80000 | K96: =+ SUMIF('Doanh thu'!A:A, C96,'Doanh thu'!F:F) -> 80000
B97: 1 | C97: KTN01 | D97: Kẹp tóc nhựa đen | E97: cái | F97: 13000 | G97: =+ SUMIF('Nhập kho T42024'!B:B, C97,'Nhập kho T42024'!F:F) -> 0 | H97: =+ SUMIF('Doanh thu'!A:A, C97,'Doanh thu'!E:E) + SUMIF('Doanh thu 2025'!B:B, C97,'Doanh thu 2025'!E:E) -> 2 | I97: =G97-H97+3 -> 1 | J97: =SUM(K97) -> 26000 | K97: =+ SUMIF('Doanh thu'!A:A, C97,'Doanh thu'!F:F) -> 26000
B98: 1 | C98: KTN02 | D98: Kẹp tóc nhựa nâu | E98: cái | F98: 13000 | G98: =+ SUMIF('Nhập kho T42024'!B:B, C98,'Nhập kho T42024'!F:F) -> 0 | H98: =+ SUMIF('Doanh thu'!A:A, C98,'Doanh thu'!E:E) + SUMIF('Doanh thu 2025'!B:B, C98,'Doanh thu 2025'!E:E) -> 0 | I98: =G98-H98+1 -> 1 | J98: =SUM(K98) -> 0 | K98: =+ SUMIF('Doanh thu'!A:A, C98,'Doanh thu'!F:F) -> 0
B99: 1 | C99: KTN03 | D99: Kẹp tóc nhựa cà phê | E99: cái | F99: 13000 | G99: =+ SUMIF('Nhập kho T42024'!B:B, C99,'Nhập kho T42024'!F:F) -> 0 | H99: =+ SUMIF('Doanh thu'!A:A, C99,'Doanh thu'!E:E) + SUMIF('Doanh thu 2025'!B:B, C99,'Doanh thu 2025'!E:E) -> 0 | I99: =G99-H99 -> 0 | J99: =SUM(K99) -> 0 | K99: =+ SUMIF('Doanh thu'!A:A, C99,'Doanh thu'!F:F) -> 0
B100: 1 | C100: KTN04 | D100: Kẹp tóc nhựa be | E100: cái | F100: 13000 | G100: =+ SUMIF('Nhập kho T42024'!B:B, C100,'Nhập kho T42024'!F:F) -> 0 | H100: =+ SUMIF('Doanh thu'!A:A, C100,'Doanh thu'!E:E) + SUMIF('Doanh thu 2025'!B:B, C100,'Doanh thu 2025'!E:E) -> 0 | I100: =G100-H100 -> 0 | J100: =SUM(K100) -> 0 | K100: =+ SUMIF('Doanh thu'!A:A, C100,'Doanh thu'!F:F) -> 0
...

Sheet Nhập kho T42024
A1: Nhập kho
A2: Ngày | B2: Mã hàng | C2: Tên quy cách | D2: ĐVT | E2: Đơn giá | F2: Số lượng nhập | G2: Tổng | H2: VNĐ
A3: 2 | B3: KTHS07 | C3: =VLOOKUP(B3,'Danh mục hàng hóa'!$C$3:$D$643,2,0) -> Kẹp tóc hoa sứ đỏ hồng đậm | D3: =VLOOKUP(B3,'Danh mục hàng hóa'!$C$3:$E$656,3,0) -> cái | E3: 1.71 | F3: 5 | G3: =E3*F3 -> 8.55
B4: KTHS01 | C4: =VLOOKUP(B4,'Danh mục hàng hóa'!$C$3:$D$643,2,0) -> Kẹp tóc hoa sứ tím | D4: =VLOOKUP(B4,'Danh mục hàng hóa'!$C$3:$E$656,3,0) -> cái | E4: 1.71 | F4: 20 | G4: =E4*F4 -> 34.2
B5: KTHS02 | C5: =VLOOKUP(B5,'Danh mục hàng hóa'!$C$3:$D$643,2,0) -> Kẹp tóc hoa sứ hồng | D5: =VLOOKUP(B5,'Danh mục hàng hóa'!$C$3:$E$656,3,0) -> cái | E5: 1.71 | F5: 20 | G5: =E5*F5 -> 34.2
B6: KTHS06 | C6: =VLOOKUP(B6,'Danh mục hàng hóa'!$C$3:$D$643,2,0) -> Kẹp tóc hoa sứ xanh | D6: =VLOOKUP(B6,'Danh mục hàng hóa'!$C$3:$E$656,3,0) -> cái | E6: 1.71 | F6: 20 | G6: =E6*F6 -> 34.2
B7: KTHS03 | C7: =VLOOKUP(B7,'Danh mục hàng hóa'!$C$3:$D$643,2,0) -> Kẹp tóc hoa sứ vàng | D7: =VLOOKUP(B7,'Danh mục hàng hóa'!$C$3:$E$656,3,0) -> cái | E7: 1.71 | F7: 20 | G7: =E7*F7 -> 34.2
B8: KTHS05 | C8: =VLOOKUP(B8,'Danh mục hàng hóa'!$C$3:$D$643,2,0) -> Kẹp tóc hoa sứ đỏ | D8: =VLOOKUP(B8,'Danh mục hàng hóa'!$C$3:$E$656,3,0) -> cái | E8: 1.71 | F8: 20 | G8: =E8*F8 -> 34.2
B9: KTHS04 | C9: =VLOOKUP(B9,'Danh mục hàng hóa'!$C$3:$D$643,2,0) -> Kẹp tóc hoa sứ cam | D9: =VLOOKUP(B9,'Danh mục hàng hóa'!$C$3:$E$656,3,0) -> cái | E9: 1.71 | F9: 20 | G9: =E9*F9 -> 34.2
A10: 5 | B10: KTB11 | C10: =VLOOKUP(B10,'Danh mục hàng hóa'!$C$3:$D$643,2,0) -> Kẹp tóc bướm trắng | D10: =VLOOKUP(B10,'Danh mục hàng hóa'!$C$3:$E$656,3,0) -> cái | E10: 1.62 | F10: 9 | G10: =E10*F10 -> 14.58
B11: KTB08 | C11: =VLOOKUP(B11,'Danh mục hàng hóa'!$C$3:$D$643,2,0) -> Kẹp tóc bướm hồng đỏ | D11: =VLOOKUP(B11,'Danh mục hàng hóa'!$C$3:$E$656,3,0) -> cái | E11: 1.62 | F11: 9 | G11: =E11*F11 -> 14.58
B12: KTB09 | C12: =VLOOKUP(B12,'Danh mục hàng hóa'!$C$3:$D$643,2,0) -> Kẹp tóc bướm tím | D12: =VLOOKUP(B12,'Danh mục hàng hóa'!$C$3:$E$656,3,0) -> cái | E12: 1.62 | F12: 9 | G12: =E12*F12 -> 14.58
B13: KTB10 | C13: =VLOOKUP(B13,'Danh mục hàng hóa'!$C$3:$D$643,2,0) -> Kẹp tóc bướm cam | D13: =VLOOKUP(B13,'Danh mục hàng hóa'!$C$3:$E$656,3,0) -> cái | E13: 1.62 | F13: 9 | G13: =E13*F13 -> 14.58
B14: KTB13 | C14: =VLOOKUP(B14,'Danh mục hàng hóa'!$C$3:$D$643,2,0) -> Kẹp tóc bướm xanh da trời | D14: =VLOOKUP(B14,'Danh mục hàng hóa'!$C$3:$E$656,3,0) -> cái | E14: 1.55 | F14: 15 | G14: =E14*F14 -> 23.25
B15: KTB12 | C15: =VLOOKUP(B15,'Danh mục hàng hóa'!$C$3:$D$643,2,0) -> Kẹp tóc bướm xanh lá | D15: =VLOOKUP(B15,'Danh mục hàng hóa'!$C$3:$E$656,3,0) -> cái | E15: 1.55 | F15: 15 | G15: =E15*F15 -> 23.25
B16: KTB14 | C16: =VLOOKUP(B16,'Danh mục hàng hóa'!$C$3:$D$643,2,0) -> Kẹp tóc bướm tím | D16: =VLOOKUP(B16,'Danh mục hàng hóa'!$C$3:$E$656,3,0) -> cái | E16: 1.55 | F16: 15 | G16: =E16*F16 -> 23.25
B17: KTB15 | C17: =VLOOKUP(B17,'Danh mục hàng hóa'!$C$3:$D$643,2,0) -> Kẹp tóc bướm hồng nhạt | D17: =VLOOKUP(B17,'Danh mục hàng hóa'!$C$3:$E$656,3,0) -> cái | E17: 1.55 | F17: 15 | G17: =E17*F17 -> 23.25
B18: KTB16 | C18: =VLOOKUP(B18,'Danh mục hàng hóa'!$C$3:$D$643,2,0) -> Kẹp tóc bướm đen | D18: =VLOOKUP(B18,'Danh mục hàng hóa'!$C$3:$E$656,3,0) -> cái | E18: 1.55 | F18: 15 | G18: =E18*F18 -> 23.25
B19: TCB05-500 | C19: =VLOOKUP(B19,'Danh mục hàng hóa'!$C$3:$D$643,2,0) -> Túi chườm bụng thỏ dứa 500ml | D19: =VLOOKUP(B19,'Danh mục hàng hóa'!$C$3:$E$656,3,0) -> túi | E19: 9.76 | F19: 4 | G19: =E19*F19 -> 39.04
B20: TCB04 | C20: =VLOOKUP(B20,'Danh mục hàng hóa'!$C$3:$D$643,2,0) -> Túi chườm bụng dâu xanh nhạt 1000ml | D20: =VLOOKUP(B20,'Danh mục hàng hóa'!$C$3:$E$656,3,0) -> túi | E20: 11.57 | F20: 1 | G20: =E20*F20 -> 11.57
B21: TCB03 | C21: =VLOOKUP(B21,'Danh mục hàng hóa'!$C$3:$D$643,2,0) -> Túi chườm bụng dứa xanh đậm 1000ml | D21: =VLOOKUP(B21,'Danh mục hàng hóa'!$C$3:$E$656,3,0) -> túi | E21: 11.57 | F21: 1 | G21: =E21*F21 -> 11.57
B22: TCB02-500 | C22: =VLOOKUP(B22,'Danh mục hàng hóa'!$C$3:$D$643,2,0) -> Túi chườm bụng dâu (xanh) 500ml | D22: =VLOOKUP(B22,'Danh mục hàng hóa'!$C$3:$E$656,3,0) -> túi | E22: 9.76 | F22: 3 | G22: =E22*F22 -> 29.28
... B27: TCB02 | C27: =VLOOKUP(B27,'Danh mục hàng hóa'!$C$3:$D$643,2,0) -> Túi chườm bụng dâu (xanh) 1000ml | D27: =VLOOKUP(B27,'Danh mục hàng hóa'!$C$3:$E$656,3,0) -> túi | E27: 11.57 | F27: 1 | G27: =E27*F27 -> 11.57
A28: 10 | B28: MCC | C28: =VLOOKUP(B28,'Danh mục hàng hóa'!$C$3:$D$643,2,0) -> Mèo chong chóng | D28: =VLOOKUP(B28,'Danh mục hàng hóa'!$C$3:$E$656,3,0) -> cái | E28: 6.76 | F28: 3 | G28: =E28*F28 -> 20.28
B29: TCC02 | C29: =VLOOKUP(B29,'Danh mục hàng hóa'!$C$3:$D$643,2,0) -> Thỏ ú bay | D29: =VLOOKUP(B29,'Danh mục hàng hóa'!$C$3:$E$656,3,0) -> cái | E29: 7.62 | F29: 4 | G29: =E29*F29 -> 30.48
B30: VCC | C30: =VLOOKUP(B30,'Danh mục hàng hóa'!$C$3:$D$643,2,0) -> Vịt ú bay | D30: =VLOOKUP(B30,'Danh mục hàng hóa'!$C$3:$E$656,3,0) -> cái | E30: 7.62 | F30: 12 | G30: =E30*F30 -> 91.44
B31: HCC02 | C31: =VLOOKUP(B31,'Danh mục hàng hóa'!$C$3:$D$643,2,0) -> Heo ú bay | D31: =VLOOKUP(B31,'Danh mục hàng hóa'!$C$3:$E$656,3,0) -> cái | E31: 7.62 | F31: 5 | G31: =E31*F31 -> 38.1
B32: TCC | C32: =VLOOKUP(B32,'Danh mục hàng hóa'!$C$3:$D$643,2,0) -> Thỏ chong chóng | D32: =VLOOKUP(B32,'Danh mục hàng hóa'!$C$3:$E$656,3,0) -> cái | E32: 6.76 | F32: 8 | G32: =E32*F32 -> 54.08
B33: GCC | C33: =VLOOKUP(B33,'Danh mục hàng hóa'!$C$3:$D$643,2,0) -> Gấu chong chóng | D33: =VLOOKUP(B33,'Danh mục hàng hóa'!$C$3:$E$656,3,0) -> cái | E33: 6.76 | F33: 3 | G33: =E33*F33 -> 20.28
B34: HCC | C34: =VLOOKUP(B34,'Danh mục hàng hóa'!$C$3:$D$643,2,0) -> Heo ú | D34: =VLOOKUP(B34,'Danh mục hàng hóa'!$C$3:$E$656,3,0) -> cái | E34: 6.76 | F34: 12 | G34: =E34*F34 -> 81.12
B35: MCC02 | C35: =VLOOKUP(B35,'Danh mục hàng hóa'!$C$3:$D$643,2,0) -> Mèo ú bay | D35: =VLOOKUP(B35,'Danh mục hàng hóa'!$C$3:$E$656,3,0) -> cái | E35: 7.62 | F35: 2 | G35: =E35*F35 -> 15.24
B36: KTB06 | C36: =VLOOKUP(B36,'Danh mục hàng hóa'!$C$3:$D$643,2,0) -> Kẹp tóc bướm trắng | D36: =VLOOKUP(B36,'Danh mục hàng hóa'!$C$3:$E$656,3,0) -> cái | E36: 4.75 | F36: 20 | G36: =E36*F36 -> 95
B37: KTB04 | C37: =VLOOKUP(B37,'Danh mục hàng hóa'!$C$3:$D$643,2,0) -> Kẹp tóc bướm xanh tím | D37: =VLOOKUP(B37,'Danh mục hàng hóa'!$C$3:$E$656,3,0) -> cái | E37: 4.75 | F37: 20 | G37: =E37*F37 -> 95
B38: KTB22 | C38: =VLOOKUP(B38,'Danh mục hàng hóa'!$C$3:$D$643,2,0) -> Kẹp tóc bướm hồng | D38: =VLOOKUP(B38,'Danh mục hàng hóa'!$C$3:$E$656,3,0) -> cái | E38: 4.75 | F38: 60 | G38: =E38*F38 -> 285
B39: KTB01 | C39: =VLOOKUP(B39,'Danh mục hàng hóa'!$C$3:$D$643,2,0) -> Kẹp tóc bướm hồng phấn | D39: =VLOOKUP(B39,'Danh mục hàng hóa'!$C$3:$E$656,3,0) -> cái | E39: 4.75 | F39: 60 | G39: =E39*F39 -> 285
B40: KTB06 | C40: =VLOOKUP(B40,'Danh mục hàng hóa'!$C$3:$D$643,2,0) -> Kẹp tóc bướm trắng | D40: =VLOOKUP(B40,'Danh mục hàng hóa'!$C$3:$E$656,3,0) -> cái | E40: 4.75 | F40: 10 | G40: =E40*F40 -> 47.5
... B68: KTB20 | C68: =VLOOKUP(B68,'Danh mục hàng hóa'!$C$3:$D$643,2,0) -> Kẹp tóc bướm xanh vàng | D68: =VLOOKUP(B68,'Danh mục hàng hóa'!$C$3:$E$656,3,0) -> cái | E68: 5.6 | F68: 15 | G68: =E68*F68 -> 84
A69: 14 | B69: KTB19 | C69: =VLOOKUP(B69,'Danh mục hàng hóa'!$C$3:$D$643,2,0) -> Kẹp tóc bướm hồng loang xanh | D69: =VLOOKUP(B69,'Danh mục hàng hóa'!$C$3:$E$656,3,0) -> cái | E69: 5.7 | F69: 10 | G69: =E69*F69 -> 57
B70: KTB18 | C70: =VLOOKUP(B70,'Danh mục hàng hóa'!$C$3:$D$643,2,0) -> Kẹp tóc bướm xanh trắng | D70: =VLOOKUP(B70,'Danh mục hàng hóa'!$C$3:$E$656,3,0) -> cái | E70: 5.7 | F70: 20 | G70: =E70*F70 -> 114
B71: KTB23 | C71: =VLOOKUP(B71,'Danh mục hàng hóa'!$C$3:$D$643,2,0) -> Kẹp tóc bướm trắng | D71: =VLOOKUP(B71,'Danh mục hàng hóa'!$C$3:$E$656,3,0) -> cái | E71: 5.7 | F71: 10 | G71: =E71*F71 -> 57
B72: KTB17 | C72: =VLOOKUP(B72,'Danh mục hàng hóa'!$C$3:$D$643,2,0) -> Kẹp tóc bướm hồng trắng | D72: =VLOOKUP(B72,'Danh mục hàng hóa'!$C$3:$E$656,3,0) -> cái | E72: 5.7 | F72: 21 | G72: =E72*F72 -> 119.7
B73: KTB21 | C73: =VLOOKUP(B73,'Danh mục hàng hóa'!$C$3:$D$643,2,0) -> Kẹp tóc bướm hồng cam | D73: =VLOOKUP(B73,'Danh mục hàng hóa'!$C$3:$E$656,3,0) -> cái | E73: 5.7 | F73: 10 | G73: =E73*F73 -> 57
B74: KTB20 | C74: =VLOOKUP(B74,'Danh mục hàng hóa'!$C$3:$D$643,2,0) -> Kẹp tóc bướm xanh vàng | D74: =VLOOKUP(B74,'Danh mục hàng hóa'!$C$3:$E$656,3,0) -> cái | E74: 5.7 | F74: 13 | G74: =E74*F74 -> 74.1
B75: KN04 | C75: =VLOOKUP(B75,'Danh mục hàng hóa'!$C$3:$D$643,2,0) -> Kẹp nơ nâu | D75: =VLOOKUP(B75,'Danh mục hàng hóa'!$C$3:$E$656,3,0) -> cái | E75: 2.45 | F75: 5 | G75: =E75*F75 -> 12.25
B76: KN05 | C76: =VLOOKUP(B76,'Danh mục hàng hóa'!$C$3:$D$643,2,0) -> Kẹp nơ xanh đen | D76: =VLOOKUP(B76,'Danh mục hàng hóa'!$C$3:$E$656,3,0) -> cái | E76: 2.45 | F76: 5 | G76: =E76*F76 -> 12.25
B77: KN02 | C77: =VLOOKUP(B77,'Danh mục hàng hóa'!$C$3:$D$643,2,0) -> Kẹp nơ trắng | D77: =VLOOKUP(B77,'Danh mục hàng hóa'!$C$3:$E$656,3,0) -> cái | E77: 2.45 | F77: 10 | G77: =E77*F77 -> 24.5
B78: KN01 | C78: =VLOOKUP(B78,'Danh mục hàng hóa'!$C$3:$D$643,2,0) -> Kẹp nơ hồng | D78: =VLOOKUP(B78,'Danh mục hàng hóa'!$C$3:$E$656,3,0) -> cái | E78: 2.45 | F78: 20 | G78: =E78*F78 -> 49
B79: KN06 | C79: =VLOOKUP(B79,'Danh mục hàng hóa'!$C$3:$D$643,2,0) -> Kẹp nơ đen | D79: =VLOOKUP(B79,'Danh mục hàng hóa'!$C$3:$E$656,3,0) -> cái | E79: 2.45 | F79: 5 | G79: =E79*F79 -> 12.25
B80: KN03 | C80: =VLOOKUP(B80,'Danh mục hàng hóa'!$C$3:$D$643,2,0) -> Kẹp nơ nâu nhạt | D80: =VLOOKUP(B80,'Danh mục hàng hóa'!$C$3:$E$656,3,0) -> cái | E80: 2.45 | F80: 5 | G80: =E80*F80 -> 12.25
A81: 16 | B81: KTB04 | C81: =VLOOKUP(B81,'Danh mục hàng hóa'!$C$3:$D$643,2,0) -> Kẹp tóc bướm xanh tím | D81: =VLOOKUP(B81,'Danh mục hàng hóa'!$C$3:$E$656,3,0) -> cái | E81: 4.75 | F81: 5 | G81: =E81*F81 -> 23.75
B82: KTB03 | C82: =VLOOKUP(B82,'Danh mục hàng hóa'!$C$3:$D$643,2,0) -> Kẹp tóc bướm xanh ngọc | D82: =VLOOKUP(B82,'Danh mục hàng hóa'!$C$3:$E$656,3,0) -> cái | E82: 4.75 | F82: 5 | G82: =E82*F82 -> 23.75
B83: KTB05 | C83: =VLOOKUP(B83,'Danh mục hàng hóa'!$C$3:$D$643,2,0) -> Kẹp tóc bướm tím | D83: =VLOOKUP(B83,'Danh mục hàng hóa'!$C$3:$E$656,3,0) -> cái | E83: 4.75 | F83: 5 | G83: =E83*F83 -> 23.75
B84: KTB07 | C84: =VLOOKUP(B84,'Danh mục hàng hóa'!$C$3:$D$643,2,0) -> Kẹp tóc bướm kem | D84: =VLOOKUP(B84,'Danh mục hàng hóa'!$C$3:$E$656,3,0) -> cái | E84: 4.75 | F84: 5 | G84: =E84*F84 -> 23.75
B85: KTB02 | C85: =VLOOKUP(B85,'Danh mục hàng hóa'!$C$3:$D$643,2,0) -> Kẹp tóc bướm hồng | D85: =VLOOKUP(B85,'Danh mục hàng hóa'!$C$3:$E$656,3,0) -> cái | E85: 4.75 | F85: 5 | G85: =E85*F85 -> 23.75
B86: KTB01 | C86: =VLOOKUP(B86,'Danh mục hàng hóa'!$C$3:$D$643,2,0) -> Kẹp tóc bướm hồng phấn | D86: =VLOOKUP(B86,'Danh mục hàng hóa'!$C$3:$E$656,3,0) -> cái | E86: 4.75 | F86: 5 | G86: =E86*F86 -> 23.75
B87: KL01 | C87: =VLOOKUP(B87,'Thống kê'!$C$3:$D$669,2,0) -> Kẹp càng cua lông hình gấu nâu đậm | D87: =VLOOKUP(B87,'Thống kê'!$C$3:$E$682,3,0) -> cái | E87: 1.79 | F87: 14 | G87: =E87*F87 -> 25.06
B88: KL02 | C88: =VLOOKUP(B88,'Thống kê'!$C$3:$D$669,2,0) -> Kẹp càng cua lông hình gấu nâu gấu trắng | D88: =VLOOKUP(B88,'Thống kê'!$C$3:$E$682,3,0) -> cái | E88: 1.79 | F88: 14 | G88: =E88*F88 -> 25.06
B89: KL03 | C89: =VLOOKUP(B89,'Thống kê'!$C$3:$D$669,2,0) -> Kẹp càng cua lông hình gấu nâu gấu nâu | D89: =VLOOKUP(B89,'Thống kê'!$C$3:$E$682,3,0) -> cái | E89: 1.79 | F89: 14 | G89: =E89*F89 -> 25.06
B90: KL04 | C90: =VLOOKUP(B90,'Thống kê'!$C$3:$D$669,2,0) -> Kẹp càng cua lông hình gấu be | D90: =VLOOKUP(B90,'Thống kê'!$C$3:$E$682,3,0) -> cái | E90: 1.79 | F90: 12 | G90: =E90*F90 -> 21.48
A91: 27 | B91: MKD07 | C91: =VLOOKUP(B91,'Thống kê'!$C$3:$D$669,2,0) -> Móc khóa đôi 2 quả lê có nam châm | D91: =VLOOKUP(B91,'Thống kê'!$C$3:$E$682,3,0) -> cái | E91: 6.81 | F91: 16 | G91: =E91*F91 -> 108.96
B92: MKD08 | C92: =VLOOKUP(B92,'Thống kê'!$C$3:$D$669,2,0) -> Móc khóa đôi 2 mèo trắng nâu | D92: =VLOOKUP(B92,'Thống kê'!$C$3:$E$682,3,0) -> cái | E92: 6.81 | F92: 20 | G92: =E92*F92 -> 136.2
B93: KTN09 | C93: =VLOOKUP(B93,'Thống kê'!$C$3:$D$669,2,0) -> Kẹp tóc rêu | D93: =VLOOKUP(B93,'Thống kê'!$C$3:$E$682,3,0) -> cái | E93: 0.98 | F93: 10 | G93: =E93*F93 -> 9.8
B94: KTN06 | C94: =VLOOKUP(B94,'Thống kê'!$C$3:$D$669,2,0) -> Kẹp tóc hồng | D94: =VLOOKUP(B94,'Thống kê'!$C$3:$E$682,3,0) -> cái | E94: 0.98 | F94: 10 | G94: =E94*F94 -> 9.8
B95: KTN08 | C95: =VLOOKUP(B95,'Thống kê'!$C$3:$D$669,2,0) -> Kẹp tóc nâu | D95: =VLOOKUP(B95,'Thống kê'!$C$3:$E$682,3,0) -> cái | E95: 0.98 | F95: 10 | G95: =E95*F95 -> 9.8
B96: KTN07 | C96: =VLOOKUP(B96,'Thống kê'!$C$3:$D$669,2,0) -> Kẹp tóc trắng | D96: =VLOOKUP(B96,'Thống kê'!$C$3:$E$682,3,0) -> cái | E96: 0.98 | F96: 10 | G96: =E96*F96 -> 9.8
B97: KTN10 | C97: =VLOOKUP(B97,'Thống kê'!$C$3:$D$669,2,0) -> Kẹp tóc xám trong | D97: =VLOOKUP(B97,'Thống kê'!$C$3:$E$682,3,0) -> cái | E97: 0.98 | F97: 10 | G97: =E97*F97 -> 9.8
B98: KTN13 | C98: =VLOOKUP(B98,'Thống kê'!$C$3:$D$669,2,0) -> Kẹp tóc kem | D98: =VLOOKUP(B98,'Thống kê'!$C$3:$E$682,3,0) -> cái | E98: 1.17 | F98: 10 | G98: =E98*F98 -> 11.7
B99: KTN11 | C99: =VLOOKUP(B99,'Thống kê'!$C$3:$D$669,2,0) -> Kẹp tóc nâu lạnh | D99: =VLOOKUP(B99,'Thống kê'!$C$3:$E$682,3,0) -> cái | E99: 1.17 | F99: 20 | G99: =E99*F99 -> 23.4
B100: KTN12 | C100: =VLOOKUP(B100,'Thống kê'!$C$3:$D$669,2,0) -> Kẹp tóc nâu nhạt | D100: =VLOOKUP(B100,'Thống kê'!$C$3:$E$682,3,0) -> cái | E100: 1.17 | F100: 10 | G100: =E100*F100 -> 11.7
B101: KTN15 | C101: =VLOOKUP(B101,'Thống kê'!$C$3:$D$669,2,0) -> Kẹp tóc be | D101: =VLOOKUP(B101,'Thống kê'!$C$3:$E$682,3,0) -> cái | E101: 0.98 | F101: 10 | G101: =E101*F101 -> 9.8
B102: KTN17 | C102: =VLOOKUP(B102,'Thống kê'!$C$3:$D$669,2,0) -> Kẹp tóc nâu lạnh | D102: =VLOOKUP(B102,'Thống kê'!$C$3:$E$682,3,0) -> cái | E102: 0.98 | F102: 10 | G102: =E102*F102 -> 9.8
B103: KTN18 | C103: =VLOOKUP(B103,'Thống kê'!$C$3:$D$669,2,0) -> Kẹp tóc đen | D103: =VLOOKUP(B103,'Thống kê'!$C$3:$E$682,3,0) -> cái | E103: 0.98 | F103: 10 | G103: =E103*F103 -> 9.8
... B114: MKD09 | C114: =VLOOKUP(B114,'Thống kê'!$C$3:$D$669,2,0) -> Móc khóa đôi mèo trắng | D114: =VLOOKUP(B114,'Thống kê'!$C$3:$E$682,3,0) -> cái | E114: 6.9 | F114: 20 | G114: =E114*F114 -> 138
A115: 45419 | B115: mkm04 | C115: =VLOOKUP(B115,'Thống kê'!$C$3:$D$669,2,0) -> Móc khoá mèo bông tím | D115: =VLOOKUP(B115,'Thống kê'!$C$3:$E$682,3,0) -> cái | E115: 10.06 | F115: 2 | G115: =E115*F115 -> 20.12
B116: mkm01 | C116: =VLOOKUP(B116,'Thống kê'!$C$3:$D$669,2,0) -> Móc khoá mèo bông hồng | D116: =VLOOKUP(B116,'Thống kê'!$C$3:$E$682,3,0) -> cái | E116: 10.05 | F116: 5 | G116: =E116*F116 -> 50.25
B117: mkm05 | C117: =VLOOKUP(B117,'Thống kê'!$C$3:$D$669,2,0) -> Móc khoá mèo bông xanh da trời | D117: =VLOOKUP(B117,'Thống kê'!$C$3:$E$682,3,0) -> cái | E117: 10.05 | F117: 3 | G117: =E117*F117 -> 30.15
B118: mkm02 | C118: =VLOOKUP(B118,'Thống kê'!$C$3:$D$669,2,0) -> Móc khoá mèo bông hồng trắng | D118: =VLOOKUP(B118,'Thống kê'!$C$3:$E$682,3,0) -> cái | E118: 10.05 | F118: 4 | G118: =E118*F118 -> 40.2
B119: mkm01 | C119: =VLOOKUP(B119,'Thống kê'!$C$3:$D$669,2,0) -> Móc khoá mèo bông hồng | D119: =VLOOKUP(B119,'Thống kê'!$C$3:$E$682,3,0) -> cái | E119: 10.05 | F119: 3 | G119: =E119*F119 -> 30.15
B120: mkm03 | C120: =VLOOKUP(B120,'Thống kê'!$C$3:$D$669,2,0) -> Móc khoá mèo bông đen | D120: =VLOOKUP(B120,'Thống kê'!$C$3:$E$682,3,0) -> cái | E120: 10.06 | F120: 2 | G120: =E120*F120 -> 20.12
B121: gcc | C121: =VLOOKUP(B121,'Thống kê'!$C$3:$D$669,2,0) -> Gấu ú | D121: =VLOOKUP(B121,'Thống kê'!$C$3:$E$682,3,0) -> cái | E121: 7.51 | F121: 2 | G121: =E121*F121 -> 15.02
B122: tcc03 | C122: =VLOOKUP(B122,'Thống kê'!$C$3:$D$669,2,0) -> Thỏ ú hoa | D122: =VLOOKUP(B122,'Thống kê'!$C$3:$E$682,3,0) -> cái | E122: 8.46 | F122: 5 | G122: =E122*F122 -> 42.3
B123: tcc02 | C123: =VLOOKUP(B123,'Thống kê'!$C$3:$D$669,2,0) -> Thỏ ú bay | D123: =VLOOKUP(B123,'Thống kê'!$C$3:$E$682,3,0) -> cái | E123: 8.46 | F123: 2 | G123: =E123*F123 -> 16.92
B124: vcc | C124: =VLOOKUP(B124,'Thống kê'!$C$3:$D$669,2,0) -> Vịt ú bay | D124: =VLOOKUP(B124,'Thống kê'!$C$3:$E$682,3,0) -> cái | E124: 8.46 | F124: 2 | G124: =E124*F124 -> 16.92
B125: hcc03 | C125: =VLOOKUP(B125,'Thống kê'!$C$3:$D$669,2,0) -> Heo ú hoa | D125: =VLOOKUP(B125,'Thống kê'!$C$3:$E$682,3,0) -> cái | E125: 8.46 | F125: 5 | G125: =E125*F125 -> 42.3
B126: hcc02 | C126: =VLOOKUP(B126,'Thống kê'!$C$3:$D$669,2,0) -> Heo ú bay | D126: =VLOOKUP(B126,'Thống kê'!$C$3:$E$682,3,0) -> cái | E126: 8.46 | F126: 3 | G126: =E126*F126 -> 25.38
B127: ccc | C127: =VLOOKUP(B127,'Thống kê'!$C$3:$D$669,2,0) -> Cún ú hoa | D127: =VLOOKUP(B127,'Thống kê'!$C$3:$E$682,3,0) -> cái | E127: 8.46 | F127: 4 | G127: =E127*F127 -> 33.84
... B147: MKC16 | C147: =VLOOKUP(B147,'Thống kê'!$C$3:$D$669,2,0) -> Móc khóa capybara 16 - hồng thơm | D147: =VLOOKUP(B147,'Thống kê'!$C$3:$E$682,3,0) -> cái | E147: 6.29 | F147: 5 | G147: =E147*F147 -> 31.45
A148: 45421 | B148: cgx | C148: =VLOOKUP(B148,'Thống kê'!$C$3:$D$669,2,0) -> Cáo gắn xe | D148: =VLOOKUP(B148,'Thống kê'!$C$3:$E$682,3,0) -> cái | E148: 4.67 | F148: 5 | G148: =E148*F148 -> 23.35
B149: gtgx | C149: =VLOOKUP(B149,'Thống kê'!$C$3:$D$669,2,0) -> Gấu trắng gắn xe | D149: =VLOOKUP(B149,'Thống kê'!$C$3:$E$682,3,0) -> cái | E149: 4.67 | F149: 2 | G149: =E149*F149 -> 9.34
B150: tcxgx | C150: =VLOOKUP(B150,'Thống kê'!$C$3:$D$669,2,0) -> Thỏ chạy xe gắn xe | D150: =VLOOKUP(B150,'Thống kê'!$C$3:$E$682,3,0) -> cái | E150: 4.67 | F150: 40 | G150: =E150*F150 -> 186.8
B151: gngx | C151: =VLOOKUP(B151,'Thống kê'!$C$3:$D$669,2,0) -> Gấu nâu gắn xe | D151: =VLOOKUP(B151,'Thống kê'!$C$3:$E$682,3,0) -> cái | E151: 4.67 | F151: 2 | G151: =E151*F151 -> 9.34
B152: hcklgx | C152: =VLOOKUP(B152,'Thống kê'!$C$3:$D$669,2,0) -> Heo cưỡi kì lân gắn xe | D152: =VLOOKUP(B152,'Thống kê'!$C$3:$E$682,3,0) -> cái | E152: 4.67 | F152: 2 | G152: =E152*F152 -> 9.34
B153: mkd05 | C153: =VLOOKUP(B153,'Thống kê'!$C$3:$D$669,2,0) -> Móc khóa đôi gấu trúc | D153: =VLOOKUP(B153,'Thống kê'!$C$3:$E$682,3,0) -> cái | E153: 6.08 | F153: 5 | G153: =E153*F153 -> 30.4
B154: mkd01 | C154: =VLOOKUP(B154,'Thống kê'!$C$3:$D$669,2,0) -> Móc khóa đôi heo | D154: =VLOOKUP(B154,'Thống kê'!$C$3:$E$682,3,0) -> cái | E154: 6.08 | F154: 45 | G154: =E154*F154 -> 273.6
B155: mkd03 | C155: =VLOOKUP(B155,'Thống kê'!$C$3:$D$669,2,0) -> Móc khóa đôi corgy | D155: =VLOOKUP(B155,'Thống kê'!$C$3:$E$682,3,0) -> cái | E155: 6.08 | F155: 15 | G155: =E155*F155 -> 91.2
B156: drg07 | C156: =VLOOKUP(B156,'Thống kê'!$C$3:$D$669,2,0) -> Dao rọc giấy 07 | D156: =VLOOKUP(B156,'Thống kê'!$C$3:$E$682,3,0) -> cái | E156: 0.7 | F156: 20 | G156: =E156*F156 -> 14
B157: drg08 | C157: =VLOOKUP(B157,'Thống kê'!$C$3:$D$669,2,0) -> Dao rọc giấy 08 | D157: =VLOOKUP(B157,'Thống kê'!$C$3:$E$682,3,0) -> cái | E157: 0.7 | F157: 20 | G157: =E157*F157 -> 14
B158: drg09 | C158: =VLOOKUP(B158,'Thống kê'!$C$3:$D$669,2,0) -> Dao rọc giấy 09 | D158: =VLOOKUP(B158,'Thống kê'!$C$3:$E$682,3,0) -> cái | E158: 0.7 | F158: 20 | G158: =E158*F158 -> 14
B159: drg10 | C159: =VLOOKUP(B159,'Thống kê'!$C$3:$D$669,2,0) -> Dao rọc giấy 10 | D159: =VLOOKUP(B159,'Thống kê'!$C$3:$E$682,3,0) -> cái | E159: 0.7 | F159: 20 | G159: =E159*F159 -> 14
B160: drg11 | C160: =VLOOKUP(B160,'Thống kê'!$C$3:$D$669,2,0) -> Dao rọc giấy 11 | D160: =VLOOKUP(B160,'Thống kê'!$C$3:$E$682,3,0) -> cái | E160: 0.7 | F160: 20 | G160: =E160*F160 -> 14
...

Sheet Doanh thu 2025
A1: 2025
A2: Ngày | B2: Mã hàng | C2: Tên quy cách | D2: Đơn giá bán | E2: Số lượng xuất | F2: Xuất | G2: Note | H2: Doanh thu | I2: =SUM(H3:H5494) -> 324180102
A3: 45658 | B3: bán kẹp | C3: =VLOOKUP(B3,'Thống kê'!$C$3:$D$669,2,0) -> #N/A | D3: =VLOOKUP(B3,'Danh mục hàng hóa'!$C$3:$M$656,6,0) -> #N/A | F3: =D3*E3 -> #N/A | H3: 800000
B4: mkcb01 | C4: =VLOOKUP(B4,'Thống kê'!$C$3:$D$669,2,0) -> Móc khoá Crybaby mini Popmart | D4: =VLOOKUP(B4,'Danh mục hàng hóa'!$C$3:$M$656,6,0) -> #N/A | E4: 1 | F4: =D4*E4 -> #N/A | H4: 93700
A5: 45659 | B5: vcc | C5: =VLOOKUP(B5,'Thống kê'!$C$3:$D$669,2,0) -> Vịt ú bay | D5: =VLOOKUP(B5,'Danh mục hàng hóa'!$C$3:$M$656,6,0) -> 64500 | E5: 1 | F5: =D5*E5 -> 64500 | H5: 56256
B6: mkcb01 | C6: =VLOOKUP(B6,'Thống kê'!$C$3:$D$669,2,0) -> Móc khoá Crybaby mini Popmart | D6: =VLOOKUP(B6,'Danh mục hàng hóa'!$C$3:$M$656,6,0) -> #N/A | E6: 1 | F6: =D6*E6 -> #N/A | H6: 91020
B7: hcc | C7: =VLOOKUP(B7,'Thống kê'!$C$3:$D$669,2,0) -> Heo ú | D7: =VLOOKUP(B7,'Danh mục hàng hóa'!$C$3:$M$656,6,0) -> 61275 | E7: 1 | F7: =D7*E7 -> 61275 | H7: 48195
B8: mcc | C8: =VLOOKUP(B8,'Thống kê'!$C$3:$D$669,2,0) -> Mèo ú | D8: =VLOOKUP(B8,'Danh mục hàng hóa'!$C$3:$M$656,6,0) -> 54740 | F8: =D8*E8 -> 0 | H8: 96760
B9: gcc | C9: =VLOOKUP(B9,'Thống kê'!$C$3:$D$669,2,0) -> Gấu ú | D9: =VLOOKUP(B9,'Danh mục hàng hóa'!$C$3:$M$656,6,0) -> 56525 | F9: =D9*E9 -> 0
B10: mkdm02 | C10: =VLOOKUP(B10,'Thống kê'!$C$3:$D$669,2,0) -> Móc khoá Dimoo size mini (hàng remake) | D10: =VLOOKUP(B10,'Danh mục hàng hóa'!$C$3:$M$656,6,0) -> #N/A | F10: =D10*E10 -> #N/A | H10: 190733
B11: mkpm53 | C11: =VLOOKUP(B11,'Thống kê'!$C$3:$D$669,2,0) -> 0 | D11: =VLOOKUP(B11,'Danh mục hàng hóa'!$C$3:$M$656,6,0) -> #N/A | F11: =D11*E11 -> #N/A
B12: lotdt | C12: =VLOOKUP(B12,'Thống kê'!$C$3:$D$669,2,0) -> miếng dán silicon điện thoại | D12: =VLOOKUP(B12,'Danh mục hàng hóa'!$C$3:$M$656,6,0) -> #N/A | F12: =D12*E12 -> #N/A
B13: hcc | C13: =VLOOKUP(B13,'Thống kê'!$C$3:$D$669,2,0) -> Heo ú | D13: =VLOOKUP(B13,'Danh mục hàng hóa'!$C$3:$M$656,6,0) -> 61275 | F13: =D13*E13 -> 0 | H13: 47895
B14: mkd11 | C14: =VLOOKUP(B14,'Thống kê'!$C$3:$D$669,2,0) -> Móc khóa có chuông | D14: =VLOOKUP(B14,'Danh mục hàng hóa'!$C$3:$M$656,6,0) -> #N/A | F14: =D14*E14 -> #N/A | H14: 45135
B15: tcc02 | C15: =VLOOKUP(B15,'Thống kê'!$C$3:$D$669,2,0) -> Thỏ ú bay | D15: =VLOOKUP(B15,'Danh mục hàng hóa'!$C$3:$M$656,6,0) -> 61275 | F15: =D15*E15 -> 0 | H15: 253101
B16: scc | C16: =VLOOKUP(B16,'Thống kê'!$C$3:$D$669,2,0) -> Shiba ú cầm hoa | D16: =VLOOKUP(B16,'Danh mục hàng hóa'!$C$3:$M$656,6,0) -> #N/A | F16: =D16*E16 -> #N/A
B17: tmbgx | C17: =VLOOKUP(B17,'Thống kê'!$C$3:$D$669,2,0) -> Thỏ máy bay gắn xe | D17: =VLOOKUP(B17,'Danh mục hàng hóa'!$C$3:$M$656,6,0) -> 59340 | F17: =D17*E17 -> 0
B18: tcxgx | C18: =VLOOKUP(B18,'Thống kê'!$C$3:$D$669,2,0) -> Thỏ chạy xe gắn xe | D18: =VLOOKUP(B18,'Danh mục hàng hóa'!$C$3:$M$656,6,0) -> 59340 | F18: =D18*E18 -> 0
B19: mkbn08 | C19: =VLOOKUP(B19,'Thống kê'!$C$3:$D$669,2,0) -> Móc khóa chuối | D19: =VLOOKUP(B19,'Danh mục hàng hóa'!$C$3:$M$656,6,0) -> #N/A | F19: =D19*E19 -> #N/A
B20: lotdt | C20: =VLOOKUP(B20,'Thống kê'!$C$3:$D$669,2,0) -> miếng dán silicon điện thoại | D20: =VLOOKUP(B20,'Danh mục hàng hóa'!$C$3:$M$656,6,0) -> #N/A | F20: =D20*E20 -> #N/A
B21: mkg05 | C21: =VLOOKUP(B21,'Thống kê'!$C$3:$D$669,2,0) -> 0 | D21: =VLOOKUP(B21,'Danh mục hàng hóa'!$C$3:$M$656,6,0) -> #N/A | E21: 2 | F21: =D21*E21 -> #N/A | H21: 620000
B22: mkg06 | C22: =VLOOKUP(B22,'Thống kê'!$C$3:$D$669,2,0) -> 0 | D22: =VLOOKUP(B22,'Danh mục hàng hóa'!$C$3:$M$656,6,0) -> #N/A | E22: 2 | F22: =D22*E22 -> #N/A
B23: mkg07 | C23: =VLOOKUP(B23,'Thống kê'!$C$3:$D$669,2,0) -> 0 | D23: =VLOOKUP(B23,'Danh mục hàng hóa'!$C$3:$M$656,6,0) -> #N/A | E23: 2 | F23: =D23*E23 -> #N/A
B24: mkg09 | C24: =VLOOKUP(B24,'Thống kê'!$C$3:$D$669,2,0) -> 0 | D24: =VLOOKUP(B24,'Danh mục hàng hóa'!$C$3:$M$656,6,0) -> #N/A | E24: 2 | F24: =D24*E24 -> #N/A
B25: mkg10 | C25: =VLOOKUP(B25,'Thống kê'!$C$3:$D$669,2,0) -> 0 | D25: =VLOOKUP(B25,'Danh mục hàng hóa'!$C$3:$M$656,6,0) -> #N/A | E25: 2 | F25: =D25*E25 -> #N/A
B26: mdm09 | C26: =VLOOKUP(B26,'Thống kê'!$C$3:$D$669,2,0) -> 0 | D26: =VLOOKUP(B26,'Danh mục hàng hóa'!$C$3:$M$656,6,0) -> #N/A | E26: 1 | F26: =D26*E26 -> #N/A | H26: 124640
B27: hcc04 | C27: =VLOOKUP(B27,'Thống kê'!$C$3:$D$669,2,0) -> heo ú cầm hoa | D27: =VLOOKUP(B27,'Danh mục hàng hóa'!$C$3:$M$656,6,0) -> #N/A | E27: 1 | F27: =D27*E27 -> #N/A | H27: 88560
B28: tcxgx | C28: =VLOOKUP(B28,'Thống kê'!$C$3:$D$669,2,0) -> Thỏ chạy xe gắn xe | D28: =VLOOKUP(B28,'Danh mục hàng hóa'!$C$3:$M$656,6,0) -> 59340 | E28: 1 | F28: =D28*E28 -> 59340
A29: 45660 | B29: mkpm26 | C29: =VLOOKUP(B29,'Thống kê'!$C$3:$D$669,2,0) -> Móc khóa Popbean Kubo | D29: =VLOOKUP(B29,'Danh mục hàng hóa'!$C$3:$M$656,6,0) -> #N/A | E29: 1 | F29: =D29*E29 -> #N/A | H29: 178038
B30: mkpm27 | C30: =VLOOKUP(B30,'Thống kê'!$C$3:$D$669,2,0) -> Móc khóa Popbean Cry Baby | D30: =VLOOKUP(B30,'Danh mục hàng hóa'!$C$3:$M$656,6,0) -> #N/A | E30: 1 | F30: =D30*E30 -> #N/A
B31: lotdt | C31: =VLOOKUP(B31,'Thống kê'!$C$3:$D$669,2,0) -> miếng dán silicon điện thoại | D31: =VLOOKUP(B31,'Danh mục hàng hóa'!$C$3:$M$656,6,0) -> #N/A | E31: 1 | F31: =D31*E31 -> #N/A
B32: mcc02 | C32: =VLOOKUP(B32,'Thống kê'!$C$3:$D$669,2,0) -> Mèo ú bay | D32: =VLOOKUP(B32,'Danh mục hàng hóa'!$C$3:$M$656,6,0) -> 61275 | E32: 1 | F32: =D32*E32 -> 61275 | H32: 56456
B33: lx01(6bao) | C33: =VLOOKUP(B33,'Thống kê'!$C$3:$D$669,2,0) -> bao lì xì Tết 2025 | D33: =VLOOKUP(B33,'Danh mục hàng hóa'!$C$3:$M$656,6,0) -> #N/A | E33: 2 | F33: =D33*E33 -> #N/A | H33: 33195
B34: lx03(6bao) | C34: =VLOOKUP(B34,'Thống kê'!$C$3:$D$669,2,0) -> bao lì xì Tết 2025 | D34: =VLOOKUP(B34,'Danh mục hàng hóa'!$C$3:$M$656,6,0) -> #N/A | E34: 1 | F34: =D34*E34 -> #N/A
B35: lx06(6bao) | C35: =VLOOKUP(B35,'Thống kê'!$C$3:$D$669,2,0) -> bao lì xì Tết 2025 | D35: =VLOOKUP(B35,'Danh mục hàng hóa'!$C$3:$M$656,6,0) -> #N/A | E35: 1 | F35: =D35*E35 -> #N/A
B36: lx04(6bao) | C36: =VLOOKUP(B36,'Thống kê'!$C$3:$D$669,2,0) -> bao lì xì Tết 2025 | D36: =VLOOKUP(B36,'Danh mục hàng hóa'!$C$3:$M$656,6,0) -> #N/A | E36: 1 | F36: =D36*E36 -> #N/A
B37: mkpm40 | C37: =VLOOKUP(B37,'Thống kê'!$C$3:$D$669,2,0) -> Móc khóa Popbean | D37: =VLOOKUP(B37,'Danh mục hàng hóa'!$C$3:$M$656,6,0) -> #N/A | E37: 1 | F37: =D37*E37 -> #N/A | H37: 128740
B38: lotdt | C38: =VLOOKUP(B38,'Thống kê'!$C$3:$D$669,2,0) -> miếng dán silicon điện thoại | D38: =VLOOKUP(B38,'Danh mục hàng hóa'!$C$3:$M$656,6,0) -> #N/A | E38: 1 | F38: =D38*E38 -> #N/A
B39: mkcb01 | C39: =VLOOKUP(B39,'Thống kê'!$C$3:$D$669,2,0) -> Móc khoá Crybaby mini Popmart | D39: =VLOOKUP(B39,'Danh mục hàng hóa'!$C$3:$M$656,6,0) -> #N/A | E39: 1 | F39: =D39*E39 -> #N/A | H39: 91020
B40: lotdt | C40: =VLOOKUP(B40,'Thống kê'!$C$3:$D$669,2,0) -> miếng dán silicon điện thoại | D40: =VLOOKUP(B40,'Danh mục hàng hóa'!$C$3:$M$656,6,0) -> #N/A | E40: 1 | F40: =D40*E40 -> #N/A
A41: 45661 | B41: ca11 | C41: =VLOOKUP(B41,'Thống kê'!$C$3:$D$669,2,0) -> Cài áo trái tim bạc | D41: =VLOOKUP(B41,'Danh mục hàng hóa'!$C$3:$M$656,6,0) -> 23000 | E41: 1 | F41: =D41*E41 -> 23000 | H41: 246086
B42: drg18 | C42: =VLOOKUP(B42,'Thống kê'!$C$3:$D$669,2,0) -> Dao rọc giấy 18 | D42: =VLOOKUP(B42,'Danh mục hàng hóa'!$C$3:$M$656,6,0) -> #N/A | E42: 1 | F42: =D42*E42 -> #N/A
B43: td04 | C43: =VLOOKUP(B43,'Thống kê'!$C$3:$D$669,2,0) -> Thước dây hồng phấn | D43: =VLOOKUP(B43,'Danh mục hàng hóa'!$C$3:$M$656,6,0) -> 9000 | E43: 1 | F43: =D43*E43 -> 9000
B44: bt106 | C44: =VLOOKUP(B44,'Thống kê'!$C$3:$D$669,2,0) -> #N/A | D44: =VLOOKUP(B44,'Danh mục hàng hóa'!$C$3:$M$656,6,0) -> #N/A | E44: 1 | F44: =D44*E44 -> #N/A
B45: lx07 | C45: =VLOOKUP(B45,'Thống kê'!$C$3:$D$669,2,0) -> Bao lì xì | D45: =VLOOKUP(B45,'Danh mục hàng hóa'!$C$3:$M$656,6,0) -> 7720 | E45: 1 | F45: =D45*E45 -> 7720
B46: mkpm36 | C46: =VLOOKUP(B46,'Thống kê'!$C$3:$D$669,2,0) -> Móc khóa Popbean | D46: =VLOOKUP(B46,'Danh mục hàng hóa'!$C$3:$M$656,6,0) -> #N/A | E46: 1 | F46: =D46*E46 -> #N/A
B47: mkpm53 | C47: =VLOOKUP(B47,'Thống kê'!$C$3:$D$669,2,0) -> 0 | D47: =VLOOKUP(B47,'Danh mục hàng hóa'!$C$3:$M$656,6,0) -> #N/A | E47: 1 | F47: =D47*E47 -> #N/A
B48: lotdt | C48: =VLOOKUP(B48,'Thống kê'!$C$3:$D$669,2,0) -> miếng dán silicon điện thoại | D48: =VLOOKUP(B48,'Danh mục hàng hóa'!$C$3:$M$656,6,0) -> #N/A | E48: 1 | F48: =D48*E48 -> #N/A
B49: hcc | C49: =VLOOKUP(B49,'Thống kê'!$C$3:$D$669,2,0) -> Heo ú | D49: =VLOOKUP(B49,'Danh mục hàng hóa'!$C$3:$M$656,6,0) -> 61275 | E49: 1 | F49: =D49*E49 -> 61275 | H49: 46494
B50: mcc | C50: =VLOOKUP(B50,'Thống kê'!$C$3:$D$669,2,0) -> Mèo ú | D50: =VLOOKUP(B50,'Danh mục hàng hóa'!$C$3:$M$656,6,0) -> 54740 | E50: 1 | F50: =D50*E50 -> 54740 | H50: 46494
B51: lx06 | C51: =VLOOKUP(B51,'Thống kê'!$C$3:$D$669,2,0) -> Bao lì xì | D51: =VLOOKUP(B51,'Danh mục hàng hóa'!$C$3:$M$656,6,0) -> 7720 | E51: 2 | F51: =D51*E51 -> 15440 | H51: 48926
B52: hcc | C52: =VLOOKUP(B52,'Thống kê'!$C$3:$D$669,2,0) -> Heo ú | D52: =VLOOKUP(B52,'Danh mục hàng hóa'!$C$3:$M$656,6,0) -> 61275 | E52: 1 | F52: =D52*E52 -> 61275 | H52: 46494
B53: lx05 | C53: =VLOOKUP(B53,'Thống kê'!$C$3:$D$669,2,0) -> Bao lì xì | D53: =VLOOKUP(B53,'Danh mục hàng hóa'!$C$3:$M$656,6,0) -> 7720 | E53: 1 | F53: =D53*E53 -> 7720 | H53: 39187
B54: scc | C54: =VLOOKUP(B54,'Thống kê'!$C$3:$D$669,2,0) -> Shiba ú cầm hoa | D54: =VLOOKUP(B54,'Danh mục hàng hóa'!$C$3:$M$656,6,0) -> #N/A | E54: 1 | F54: =D54*E54 -> #N/A | H54: 56456
A55: 45662 | B55: lx06 | C55: =VLOOKUP(B55,'Thống kê'!$C$3:$D$669,2,0) -> Bao lì xì | D55: =VLOOKUP(B55,'Danh mục hàng hóa'!$C$3:$M$656,6,0) -> 7720 | E55: 2 | F55: =D55*E55 -> 15440 | H55: 49151
B56: lx07(12bao) | C56: =VLOOKUP(B56,'Thống kê'!$C$3:$D$669,2,0) -> bao lì xì Tết 2025 | D56: =VLOOKUP(B56,'Danh mục hàng hóa'!$C$3:$M$656,6,0) -> #N/A | E56: 4 | F56: =D56*E56 -> #N/A | H56: 42804
B57: hcc02 | C57: =VLOOKUP(B57,'Thống kê'!$C$3:$D$669,2,0) -> Heo ú bay | D57: =VLOOKUP(B57,'Danh mục hàng hóa'!$C$3:$M$656,6,0) -> 61275 | E57: 1 | F57: =D57*E57 -> 61275 | H57: 55806
B58: lx06 | C58: =VLOOKUP(B58,'Thống kê'!$C$3:$D$669,2,0) -> Bao lì xì | D58: =VLOOKUP(B58,'Danh mục hàng hóa'!$C$3:$M$656,6,0) -> 7720 | E58: 2 | F58: =D58*E58 -> 15440 | H58: 48001
B59: mkdm11 | C59: =VLOOKUP(B59,'Thống kê'!$C$3:$D$669,2,0) -> 0 | D59: =VLOOKUP(B59,'Danh mục hàng hóa'!$C$3:$M$656,6,0) -> #N/A | E59: 1 | F59: =D59*E59 -> #N/A | H59: 192226
B60: mdm09 | C60: =VLOOKUP(B60,'Thống kê'!$C$3:$D$669,2,0) -> 0 | D60: =VLOOKUP(B60,'Danh mục hàng hóa'!$C$3:$M$656,6,0) -> #N/A | E60: 1 | F60: =D60*E60 -> #N/A
B61: lotdt | C61: =VLOOKUP(B61,'Thống kê'!$C$3:$D$669,2,0) -> miếng dán silicon điện thoại | D61: =VLOOKUP(B61,'Danh mục hàng hóa'!$C$3:$M$656,6,0) -> #N/A | E61: 1 | F61: =D61*E61 -> #N/A
B62: lx05 | C62: =VLOOKUP(B62,'Thống kê'!$C$3:$D$669,2,0) -> Bao lì xì | D62: =VLOOKUP(B62,'Danh mục hàng hóa'!$C$3:$M$656,6,0) -> 7720 | E62: 1 | F62: =D62*E62 -> 7720 | H62: 51090
B63: lxx | C63: =VLOOKUP(B63,'Thống kê'!$C$3:$D$669,2,0) -> #N/A | D63: =VLOOKUP(B63,'Danh mục hàng hóa'!$C$3:$M$656,6,0) -> #N/A | E63: 1 | F63: =D63*E63 -> #N/A
B64: lxx | C64: =VLOOKUP(B64,'Thống kê'!$C$3:$D$669,2,0) -> #N/A | D64: =VLOOKUP(B64,'Danh mục hàng hóa'!$C$3:$M$656,6,0) -> #N/A | E64: 1 | F64: =D64*E64 -> #N/A
B65: lx06 | C65: =VLOOKUP(B65,'Thống kê'!$C$3:$D$669,2,0) -> Bao lì xì | D65: =VLOOKUP(B65,'Danh mục hàng hóa'!$C$3:$M$656,6,0) -> 7720 | E65: 2 | F65: =D65*E65 -> 15440 | H65: 49151
B66: mkd11 | C66: =VLOOKUP(B66,'Thống kê'!$C$3:$D$669,2,0) -> Móc khóa có chuông | D66: =VLOOKUP(B66,'Danh mục hàng hóa'!$C$3:$M$656,6,0) -> #N/A | E66: 1 | F66: =D66*E66 -> #N/A | H66: 43142
B67: tuimu | C67: =VLOOKUP(B67,'Thống kê'!$C$3:$D$669,2,0) -> túi mù mô hình | D67: =VLOOKUP(B67,'Danh mục hàng hóa'!$C$3:$M$656,6,0) -> #N/A | E67: 1 | F67: =D67*E67 -> #N/A | H67: 519920
B68: mkbn04 | C68: =VLOOKUP(B68,'Thống kê'!$C$3:$D$669,2,0) -> Móc khóa chuối | D68: =VLOOKUP(B68,'Danh mục hàng hóa'!$C$3:$M$656,6,0) -> #N/A | E68: 1 | F68: =D68*E68 -> #N/A
B69: mkpm54 | C69: =VLOOKUP(B69,'Thống kê'!$C$3:$D$669,2,0) -> 0 | D69: =VLOOKUP(B69,'Danh mục hàng hóa'!$C$3:$M$656,6,0) -> #N/A | E69: 1 | F69: =D69*E69 -> #N/A
B70: mkpm53 | C70: =VLOOKUP(B70,'Thống kê'!$C$3:$D$669,2,0) -> 0 | D70: =VLOOKUP(B70,'Danh mục hàng hóa'!$C$3:$M$656,6,0) -> #N/A | E70: 1 | F70: =D70*E70 -> #N/A
B71: mkcb01 | C71: =VLOOKUP(B71,'Thống kê'!$C$3:$D$669,2,0) -> Móc khoá Crybaby mini Popmart | D71: =VLOOKUP(B71,'Danh mục hàng hóa'!$C$3:$M$656,6,0) -> #N/A | E71: 1 | F71: =D71*E71 -> #N/A
B72: mkcb05 | C72: =VLOOKUP(B72,'Thống kê'!$C$3:$D$669,2,0) -> Móc khoá Crybaby mini Popmart | D72: =VLOOKUP(B72,'Danh mục hàng hóa'!$C$3:$M$656,6,0) -> #N/A | E72: 1 | F72: =D72*E72 -> #N/A
B73: lotdt | C73: =VLOOKUP(B73,'Thống kê'!$C$3:$D$669,2,0) -> miếng dán silicon điện thoại | D73: =VLOOKUP(B73,'Danh mục hàng hóa'!$C$3:$M$656,6,0) -> #N/A | E73: 1 | F73: =D73*E73 -> #N/A
B74: lx06 | C74: =VLOOKUP(B74,'Thống kê'!$C$3:$D$669,2,0) -> Bao lì xì | D74: =VLOOKUP(B74,'Danh mục hàng hóa'!$C$3:$M$656,6,0) -> 7720 | E74: 1 | F74: =D74*E74 -> 7720 | H74: 26481
B75: lx01(6bao) | C75: =VLOOKUP(B75,'Thống kê'!$C$3:$D$669,2,0) -> bao lì xì Tết 2025 | D75: =VLOOKUP(B75,'Danh mục hàng hóa'!$C$3:$M$656,6,0) -> #N/A | E75: 1 | F75: =D75*E75 -> #N/A | H75: 40344
B76: lx02(6bao) | C76: =VLOOKUP(B76,'Thống kê'!$C$3:$D$669,2,0) -> bao lì xì Tết 2025 | D76: =VLOOKUP(B76,'Danh mục hàng hóa'!$C$3:$M$656,6,0) -> #N/A | E76: 1 | F76: =D76*E76 -> #N/A
B77: lx06(6bao) | C77: =VLOOKUP(B77,'Thống kê'!$C$3:$D$669,2,0) -> bao lì xì Tết 2025 | D77: =VLOOKUP(B77,'Danh mục hàng hóa'!$C$3:$M$656,6,0) -> #N/A | E77: 2 | F77: =D77*E77 -> #N/A
B78: lx06 | C78: =VLOOKUP(B78,'Thống kê'!$C$3:$D$669,2,0) -> Bao lì xì | D78: =VLOOKUP(B78,'Danh mục hàng hóa'!$C$3:$M$656,6,0) -> 7720 | E78: 2 | F78: =D78*E78 -> 15440
B79: tmtgx | C79: =VLOOKUP(B79,'Thống kê'!$C$3:$D$669,2,0) -> Thỏ mặt trăng gắn xe | D79: =VLOOKUP(B79,'Danh mục hàng hóa'!$C$3:$M$656,6,0) -> 0 | E79: 1 | F79: =D79*E79 -> 0 | H79: 57902
B80: tcxgx | C80: =VLOOKUP(B80,'Thống kê'!$C$3:$D$669,2,0) -> Thỏ chạy xe gắn xe | D80: =VLOOKUP(B80,'Danh mục hàng hóa'!$C$3:$M$656,6,0) -> 59340 | E80: 1 | F80: =D80*E80 -> 59340
A81: 45663 | B81: lx01 | C81: =VLOOKUP(B81,'Thống kê'!$C$3:$D$669,2,0) -> Bao lì xì | D81: =VLOOKUP(B81,'Danh mục hàng hóa'!$C$3:$M$656,6,0) -> 14500 | E81: 1 | F81: =D81*E81 -> 14500 | H81: 9525
B82: lx05 | C82: =VLOOKUP(B82,'Thống kê'!$C$3:$D$669,2,0) -> Bao lì xì | D82: =VLOOKUP(B82,'Danh mục hàng hóa'!$C$3:$M$656,6,0) -> 7720 | E82: 1 | F82: =D82*E82 -> 7720 | H82: 39187
B83: lx05 | C83: =VLOOKUP(B83,'Thống kê'!$C$3:$D$669,2,0) -> Bao lì xì | D83: =VLOOKUP(B83,'Danh mục hàng hóa'!$C$3:$M$656,6,0) -> 7720 | E83: 1 | F83: =D83*E83 -> 7720 | H83: 43542
B84: lx06 | C84: =VLOOKUP(B84,'Thống kê'!$C$3:$D$669,2,0) -> Bao lì xì | D84: =VLOOKUP(B84,'Danh mục hàng hóa'!$C$3:$M$656,6,0) -> 7720 | E84: 3 | F84: =D84*E84 -> 23160 | H84: 81718
B85: lotdt | C85: =VLOOKUP(B85,'Thống kê'!$C$3:$D$669,2,0) -> miếng dán silicon điện thoại | D85: =VLOOKUP(B85,'Danh mục hàng hóa'!$C$3:$M$656,6,0) -> #N/A | E85: 2 | F85: =D85*E85 -> #N/A | H85: 59342
B86: mkst02 | C86: =VLOOKUP(B86,'Thống kê'!$C$3:$D$669,2,0) -> #N/A | D86: =VLOOKUP(B86,'Danh mục hàng hóa'!$C$3:$M$656,6,0) -> #N/A | E86: 1 | F86: =D86*E86 -> #N/A
B87: lotdt | C87: =VLOOKUP(B87,'Thống kê'!$C$3:$D$669,2,0) -> miếng dán silicon điện thoại | D87: =VLOOKUP(B87,'Danh mục hàng hóa'!$C$3:$M$656,6,0) -> #N/A | E87: 1 | F87: =D87*E87 -> #N/A
B88: mkcb01 | C88: =VLOOKUP(B88,'Thống kê'!$C$3:$D$669,2,0) -> Móc khoá Crybaby mini Popmart | D88: =VLOOKUP(B88,'Danh mục hàng hóa'!$C$3:$M$656,6,0) -> #N/A | E88: 1 | F88: =D88*E88 -> #N/A | H88: 91020
B89: lotdt | C89: =VLOOKUP(B89,'Thống kê'!$C$3:$D$669,2,0) -> miếng dán silicon điện thoại | D89: =VLOOKUP(B89,'Danh mục hàng hóa'!$C$3:$M$656,6,0) -> #N/A | E89: 1 | F89: =D89*E89 -> #N/A
B90: mkpm27 | C90: =VLOOKUP(B90,'Thống kê'!$C$3:$D$669,2,0) -> Móc khóa Popbean Cry Baby | D90: =VLOOKUP(B90,'Danh mục hàng hóa'!$C$3:$M$656,6,0) -> #N/A | E90: 1 | F90: =D90*E90 -> #N/A | H90: 90200
B91: lotdt | C91: =VLOOKUP(B91,'Thống kê'!$C$3:$D$669,2,0) -> miếng dán silicon điện thoại | D91: =VLOOKUP(B91,'Danh mục hàng hóa'!$C$3:$M$656,6,0) -> #N/A | E91: 1 | F91: =D91*E91 -> #N/A
B92: hcc04 | C92: =VLOOKUP(B92,'Thống kê'!$C$3:$D$669,2,0) -> heo ú cầm hoa | D92: =VLOOKUP(B92,'Danh mục hàng hóa'!$C$3:$M$656,6,0) -> #N/A | E92: 1 | F92: =D92*E92 -> #N/A | H92: 55806
B93: scc | C93: =VLOOKUP(B93,'Thống kê'!$C$3:$D$669,2,0) -> Shiba ú cầm hoa | D93: =VLOOKUP(B93,'Danh mục hàng hóa'!$C$3:$M$656,6,0) -> #N/A | E93: 1 | F93: =D93*E93 -> #N/A | H93: 113734
B94: ttmh03 | C94: =VLOOKUP(B94,'Thống kê'!$C$3:$D$669,2,0) -> Trang trí mô hình Vịt | D94: =VLOOKUP(B94,'Danh mục hàng hóa'!$C$3:$M$656,6,0) -> #N/A | E94: 1 | F94: =D94*E94 -> #N/A
B95: ttmh05 | C95: =VLOOKUP(B95,'Thống kê'!$C$3:$D$669,2,0) -> Trang trí mô hình Thỏ | D95: =VLOOKUP(B95,'Danh mục hàng hóa'!$C$3:$M$656,6,0) -> #N/A | E95: 1 | F95: =D95*E95 -> #N/A
B96: lx01 | C96: =VLOOKUP(B96,'Thống kê'!$C$3:$D$669,2,0) -> Bao lì xì | D96: =VLOOKUP(B96,'Danh mục hàng hóa'!$C$3:$M$656,6,0) -> 14500 | E96: 1 | F96: =D96*E96 -> 14500 | H96: 28945
B97: lx02 | C97: =VLOOKUP(B97,'Thống kê'!$C$3:$D$669,2,0) -> Bao lì xì | D97: =VLOOKUP(B97,'Danh mục hàng hóa'!$C$3:$M$656,6,0) -> 14500 | E97: 1 | F97: =D97*E97 -> 14500
B98: lx03 | C98: =VLOOKUP(B98,'Thống kê'!$C$3:$D$669,2,0) -> Bao lì xì | D98: =VLOOKUP(B98,'Danh mục hàng hóa'!$C$3:$M$656,6,0) -> 7720 | E98: 1 | F98: =D98*E98 -> 7720
A99: 45664 | B99: lotdt | C99: =VLOOKUP(B99,'Thống kê'!$C$3:$D$669,2,0) -> miếng dán silicon điện thoại | D99: =VLOOKUP(B99,'Danh mục hàng hóa'!$C$3:$M$656,6,0) -> #N/A | E99: 10 | F99: =D99*E99 -> #N/A | H99: 21985
B100: lx03 | C100: =VLOOKUP(B100,'Thống kê'!$C$3:$D$669,2,0) -> Bao lì xì | D100: =VLOOKUP(B100,'Danh mục hàng hóa'!$C$3:$M$656,6,0) -> 7720 | E100: 5 | F100: =D100*E100 -> 38600 | H100: 40165
...

Sheet Doanh thu
A1: Doanh Thu
A2: Mã hàng | B2: Tên quy cách | C2: ĐVT | D2: Đơn giá bán | E2: Số lượng xuất | F2: Xuất | G2: Note | H2: Doanh thu | I2: =SUM(H3:H5481) -> 275743411
A3: MKD01 | B3: =VLOOKUP(A3,'Danh mục hàng hóa'!$C$3:$D$643,2,0) -> Móc khóa đôi heo | C3: =VLOOKUP(A3,'Danh mục hàng hóa'!$C$3:$E$656,3,0) -> cái | D3: =VLOOKUP(A3,'Danh mục hàng hóa'!$C$3:$M$656,6,0) -> 56580 | E3: 1 | F3: =D3*E3 -> 56580 | H3: 44051
A4: CT04 | B4: =VLOOKUP(A4,'Danh mục hàng hóa'!$C$3:$D$643,2,0) -> Cài tóc kem | C4: =VLOOKUP(A4,'Danh mục hàng hóa'!$C$3:$E$656,3,0) -> cái | D4: =VLOOKUP(A4,'Danh mục hàng hóa'!$C$3:$M$656,6,0) -> 21000 | E4: 1 | F4: =D4*E4 -> 21000 | H4: 47664
A5: TC004 | B5: =VLOOKUP(A5,'Danh mục hàng hóa'!$C$3:$D$643,2,0) -> Trâm cài 04 | C5: =VLOOKUP(A5,'Danh mục hàng hóa'!$C$3:$E$656,3,0) -> cây | D5: =VLOOKUP(A5,'Danh mục hàng hóa'!$C$3:$M$656,6,0) -> 11040 | E5: 1 | F5: =D5*E5 -> 11040
A6: TC009 | B6: =VLOOKUP(A6,'Danh mục hàng hóa'!$C$3:$D$643,2,0) -> Trâm cài 09 | C6: =VLOOKUP(A6,'Danh mục hàng hóa'!$C$3:$E$656,3,0) -> cây | D6: =VLOOKUP(A6,'Danh mục hàng hóa'!$C$3:$M$656,6,0) -> 28520 | E6: 1 | F6: =D6*E6 -> 28520
A7: MCC | B7: =VLOOKUP(A7,'Danh mục hàng hóa'!$C$3:$D$643,2,0) -> Mèo chong chóng | C7: =VLOOKUP(A7,'Danh mục hàng hóa'!$C$3:$E$656,3,0) -> cái | D7: =VLOOKUP(A7,'Danh mục hàng hóa'!$C$3:$M$656,6,0) -> 54740 | E7: 1 | F7: =D7*E7 -> 54740 | H7: 49114
A8: TCB17 | B8: =VLOOKUP(A8,'Danh mục hàng hóa'!$C$3:$D$643,2,0) -> Túi chườm bụng vịt vàng 500ml | C8: =VLOOKUP(A8,'Danh mục hàng hóa'!$C$3:$E$656,3,0) -> túi | D8: =VLOOKUP(A8,'Danh mục hàng hóa'!$C$3:$M$656,6,0) -> 72250 | E8: 1 | F8: =D8*E8 -> 72250 | H8: 56502
A9: KTB03 | B9: =VLOOKUP(A9,'Danh mục hàng hóa'!$C$3:$D$643,2,0) -> Kẹp tóc bướm xanh ngọc | C9: =VLOOKUP(A9,'Danh mục hàng hóa'!$C$3:$E$656,3,0) -> cái | D9: =VLOOKUP(A9,'Danh mục hàng hóa'!$C$3:$M$656,6,0) -> 38000 | E9: 1 | F9: =D9*E9 -> 38000 | H9: 77472
A10: KTB04 | B10: =VLOOKUP(A10,'Danh mục hàng hóa'!$C$3:$D$643,2,0) -> Kẹp tóc bướm xanh tím | C10: =VLOOKUP(A10,'Danh mục hàng hóa'!$C$3:$E$656,3,0) -> cái | D10: =VLOOKUP(A10,'Danh mục hàng hóa'!$C$3:$M$656,6,0) -> 40000 | E10: 1 | F10: =D10*E10 -> 40000
A11: MKD01 | B11: =VLOOKUP(A11,'Danh mục hàng hóa'!$C$3:$D$643,2,0) -> Móc khóa đôi heo | C11: =VLOOKUP(A11,'Danh mục hàng hóa'!$C$3:$E$656,3,0) -> cái | D11: =VLOOKUP(A11,'Danh mục hàng hóa'!$C$3:$M$656,6,0) -> 56580 | E11: 1 | F11: =D11*E11 -> 56580 | H11: 44811
A12: KTB05 | B12: =VLOOKUP(A12,'Danh mục hàng hóa'!$C$3:$D$643,2,0) -> Kẹp tóc bướm tím | C12: =VLOOKUP(A12,'Danh mục hàng hóa'!$C$3:$E$656,3,0) -> cái | D12: =VLOOKUP(A12,'Danh mục hàng hóa'!$C$3:$M$656,6,0) -> 38000 | E12: 1 | F12: =D12*E12 -> 38000 | H12: 60132
A13: KTB02 | B13: =VLOOKUP(A13,'Danh mục hàng hóa'!$C$3:$D$643,2,0) -> Kẹp tóc bướm hồng | C13: =VLOOKUP(A13,'Danh mục hàng hóa'!$C$3:$E$656,3,0) -> cái | D13: =VLOOKUP(A13,'Danh mục hàng hóa'!$C$3:$M$656,6,0) -> 40000 | E13: 1 | F13: =D13*E13 -> 40000
A14: KTB05 | B14: =VLOOKUP(A14,'Danh mục hàng hóa'!$C$3:$D$643,2,0) -> Kẹp tóc bướm tím | C14: =VLOOKUP(A14,'Danh mục hàng hóa'!$C$3:$E$656,3,0) -> cái | D14: =VLOOKUP(A14,'Danh mục hàng hóa'!$C$3:$M$656,6,0) -> 38000 | E14: 1 | F14: =D14*E14 -> 38000 | H14: 33140
A15: KTB04 | B15: =VLOOKUP(A15,'Danh mục hàng hóa'!$C$3:$D$643,2,0) -> Kẹp tóc bướm xanh tím | C15: =VLOOKUP(A15,'Danh mục hàng hóa'!$C$3:$E$656,3,0) -> cái | D15: =VLOOKUP(A15,'Danh mục hàng hóa'!$C$3:$M$656,6,0) -> 40000 | E15: 1 | F15: =D15*E15 -> 40000 | H15: 33440
A16: KTB03 | B16: =VLOOKUP(A16,'Danh mục hàng hóa'!$C$3:$D$643,2,0) -> Kẹp tóc bướm xanh ngọc | C16: =VLOOKUP(A16,'Danh mục hàng hóa'!$C$3:$E$656,3,0) -> cái | D16: =VLOOKUP(A16,'Danh mục hàng hóa'!$C$3:$M$656,6,0) -> 38000 | E16: 1 | F16: =D16*E16 -> 38000 | H16: 33440
A17: KTB01 | B17: =VLOOKUP(A17,'Danh mục hàng hóa'!$C$3:$D$643,2,0) -> Kẹp tóc bướm hồng phấn | C17: =VLOOKUP(A17,'Danh mục hàng hóa'!$C$3:$E$656,3,0) -> cái | D17: =VLOOKUP(A17,'Danh mục hàng hóa'!$C$3:$M$656,6,0) -> 38000 | E17: 1 | F17: =D17*E17 -> 38000 | H17: 32340
A18: KTB03 | B18: =VLOOKUP(A18,'Danh mục hàng hóa'!$C$3:$D$643,2,0) -> Kẹp tóc bướm xanh ngọc | C18: =VLOOKUP(A18,'Danh mục hàng hóa'!$C$3:$E$656,3,0) -> cái | D18: =VLOOKUP(A18,'Danh mục hàng hóa'!$C$3:$M$656,6,0) -> 38000 | E18: 1 | F18: =D18*E18 -> 38000 | H18: 33380
A19: KTB04 | B19: =VLOOKUP(A19,'Danh mục hàng hóa'!$C$3:$D$643,2,0) -> Kẹp tóc bướm xanh tím | C19: =VLOOKUP(A19,'Danh mục hàng hóa'!$C$3:$E$656,3,0) -> cái | D19: =VLOOKUP(A19,'Danh mục hàng hóa'!$C$3:$M$656,6,0) -> 40000 | E19: 1 | F19: =D19*E19 -> 40000 | H19: 33380
A20: KTB03 | B20: =VLOOKUP(A20,'Danh mục hàng hóa'!$C$3:$D$643,2,0) -> Kẹp tóc bướm xanh ngọc | C20: =VLOOKUP(A20,'Danh mục hàng hóa'!$C$3:$E$656,3,0) -> cái | D20: =VLOOKUP(A20,'Danh mục hàng hóa'!$C$3:$M$656,6,0) -> 38000 | E20: 1 | F20: =D20*E20 -> 38000 | H20: 60132
A21: KTB02 | B21: =VLOOKUP(A21,'Danh mục hàng hóa'!$C$3:$D$643,2,0) -> Kẹp tóc bướm hồng | C21: =VLOOKUP(A21,'Danh mục hàng hóa'!$C$3:$E$656,3,0) -> cái | D21: =VLOOKUP(A21,'Danh mục hàng hóa'!$C$3:$M$656,6,0) -> 40000 | E21: 1 | F21: =D21*E21 -> 40000
A22: KTB01 | B22: =VLOOKUP(A22,'Danh mục hàng hóa'!$C$3:$D$643,2,0) -> Kẹp tóc bướm hồng phấn | C22: =VLOOKUP(A22,'Danh mục hàng hóa'!$C$3:$E$656,3,0) -> cái | D22: =VLOOKUP(A22,'Danh mục hàng hóa'!$C$3:$M$656,6,0) -> 38000 | E22: 1 | F22: =D22*E22 -> 38000 | H22: 271039
A23: KTHS01 | B23: =VLOOKUP(A23,'Danh mục hàng hóa'!$C$3:$D$643,2,0) -> Kẹp tóc hoa sứ tím | C23: =VLOOKUP(A23,'Danh mục hàng hóa'!$C$3:$E$656,3,0) -> cái | D23: =VLOOKUP(A23,'Danh mục hàng hóa'!$C$3:$M$656,6,0) -> 18500 | E23: 1 | F23: =D23*E23 -> 18500
A24: KTB07 | B24: =VLOOKUP(A24,'Danh mục hàng hóa'!$C$3:$D$643,2,0) -> Kẹp tóc bướm kem | C24: =VLOOKUP(A24,'Danh mục hàng hóa'!$C$3:$E$656,3,0) -> cái | D24: =VLOOKUP(A24,'Danh mục hàng hóa'!$C$3:$M$656,6,0) -> 38000 | E24: 1 | F24: =D24*E24 -> 38000
A25: KTHS03 | B25: =VLOOKUP(A25,'Danh mục hàng hóa'!$C$3:$D$643,2,0) -> Kẹp tóc hoa sứ vàng | C25: =VLOOKUP(A25,'Danh mục hàng hóa'!$C$3:$E$656,3,0) -> cái | D25: =VLOOKUP(A25,'Danh mục hàng hóa'!$C$3:$M$656,6,0) -> 18500 | E25: 1 | F25: =D25*E25 -> 18500
A26: KTB03 | B26: =VLOOKUP(A26,'Danh mục hàng hóa'!$C$3:$D$643,2,0) -> Kẹp tóc bướm xanh ngọc | C26: =VLOOKUP(A26,'Danh mục hàng hóa'!$C$3:$E$656,3,0) -> cái | D26: =VLOOKUP(A26,'Danh mục hàng hóa'!$C$3:$M$656,6,0) -> 38000 | E26: 1 | F26: =D26*E26 -> 38000
A27: KTHS06 | B27: =VLOOKUP(A27,'Danh mục hàng hóa'!$C$3:$D$643,2,0) -> Kẹp tóc hoa sứ xanh | C27: =VLOOKUP(A27,'Danh mục hàng hóa'!$C$3:$E$656,3,0) -> cái | D27: =VLOOKUP(A27,'Danh mục hàng hóa'!$C$3:$M$656,6,0) -> 18500 | E27: 1 | F27: =D27*E27 -> 18500
A28: KTB04 | B28: =VLOOKUP(A28,'Danh mục hàng hóa'!$C$3:$D$643,2,0) -> Kẹp tóc bướm xanh tím | C28: =VLOOKUP(A28,'Danh mục hàng hóa'!$C$3:$E$656,3,0) -> cái | D28: =VLOOKUP(A28,'Danh mục hàng hóa'!$C$3:$M$656,6,0) -> 40000 | E28: 1 | F28: =D28*E28 -> 40000
A29: KTHS02 | B29: =VLOOKUP(A29,'Danh mục hàng hóa'!$C$3:$D$643,2,0) -> Kẹp tóc hoa sứ hồng | C29: =VLOOKUP(A29,'Danh mục hàng hóa'!$C$3:$E$656,3,0) -> cái | D29: =VLOOKUP(A29,'Danh mục hàng hóa'!$C$3:$M$656,6,0) -> 18500 | E29: 1 | F29: =D29*E29 -> 18500
A30: KTB05 | B30: =VLOOKUP(A30,'Danh mục hàng hóa'!$C$3:$D$643,2,0) -> Kẹp tóc bướm tím | C30: =VLOOKUP(A30,'Danh mục hàng hóa'!$C$3:$E$656,3,0) -> cái | D30: =VLOOKUP(A30,'Danh mục hàng hóa'!$C$3:$M$656,6,0) -> 38000 | E30: 1 | F30: =D30*E30 -> 38000
A31: KTHS05 | B31: =VLOOKUP(A31,'Danh mục hàng hóa'!$C$3:$D$643,2,0) -> Kẹp tóc hoa sứ đỏ | C31: =VLOOKUP(A31,'Danh mục hàng hóa'!$C$3:$E$656,3,0) -> cái | D31: =VLOOKUP(A31,'Danh mục hàng hóa'!$C$3:$M$656,6,0) -> 18500 | E31: 1 | F31: =D31*E31 -> 18500
A32: KTB02 | B32: =VLOOKUP(A32,'Danh mục hàng hóa'!$C$3:$D$643,2,0) -> Kẹp tóc bướm hồng | C32: =VLOOKUP(A32,'Danh mục hàng hóa'!$C$3:$E$656,3,0) -> cái | D32: =VLOOKUP(A32,'Danh mục hàng hóa'!$C$3:$M$656,6,0) -> 40000 | E32: 1 | F32: =D32*E32 -> 40000
A33: KTHS04 | B33: =VLOOKUP(A33,'Danh mục hàng hóa'!$C$3:$D$643,2,0) -> Kẹp tóc hoa sứ cam | C33: =VLOOKUP(A33,'Danh mục hàng hóa'!$C$3:$E$656,3,0) -> cái | D33: =VLOOKUP(A33,'Danh mục hàng hóa'!$C$3:$M$656,6,0) -> 18500 | E33: 1 | F33: =D33*E33 -> 18500
A34: KTB01 | B34: =VLOOKUP(A34,'Danh mục hàng hóa'!$C$3:$D$643,2,0) -> Kẹp tóc bướm hồng phấn | C34: =VLOOKUP(A34,'Danh mục hàng hóa'!$C$3:$E$656,3,0) -> cái | D34: =VLOOKUP(A34,'Danh mục hàng hóa'!$C$3:$M$656,6,0) -> 38000 | E34: 1 | F34: =D34*E34 -> 38000 | H34: 90288
A35: KTB04 | B35: =VLOOKUP(A35,'Danh mục hàng hóa'!$C$3:$D$643,2,0) -> Kẹp tóc bướm xanh tím | C35: =VLOOKUP(A35,'Danh mục hàng hóa'!$C$3:$E$656,3,0) -> cái | D35: =VLOOKUP(A35,'Danh mục hàng hóa'!$C$3:$M$656,6,0) -> 40000 | E35: 1 | F35: =D35*E35 -> 40000
A36: KTB05 | B36: =VLOOKUP(A36,'Danh mục hàng hóa'!$C$3:$D$643,2,0) -> Kẹp tóc bướm tím | C36: =VLOOKUP(A36,'Danh mục hàng hóa'!$C$3:$E$656,3,0) -> cái | D36: =VLOOKUP(A36,'Danh mục hàng hóa'!$C$3:$M$656,6,0) -> 38000 | E36: 1 | F36: =D36*E36 -> 38000
A37: MKD03 | B37: =VLOOKUP(A37,'Danh mục hàng hóa'!$C$3:$D$643,2,0) -> Móc khóa đôi corgy | C37: =VLOOKUP(A37,'Danh mục hàng hóa'!$C$3:$E$656,3,0) -> cái | D37: =VLOOKUP(A37,'Danh mục hàng hóa'!$C$3:$M$656,6,0) -> 56580 | E37: 1 | F37: =D37*E37 -> 56580 | H37: 44751
A38: TDVGX | B38: =VLOOKUP(A38,'Danh mục hàng hóa'!$C$3:$D$643,2,0) -> Thỏ đi vịt gắn xe | C38: =VLOOKUP(A38,'Danh mục hàng hóa'!$C$3:$E$656,3,0) -> cái | D38: =VLOOKUP(A38,'Danh mục hàng hóa'!$C$3:$M$656,6,0) -> 45000 | E38: 1 | F38: =D38*E38 -> 45000 | H38: 39280
A39: KTB01 | B39: =VLOOKUP(A39,'Danh mục hàng hóa'!$C$3:$D$643,2,0) -> Kẹp tóc bướm hồng phấn | C39: =VLOOKUP(A39,'Danh mục hàng hóa'!$C$3:$E$656,3,0) -> cái | D39: =VLOOKUP(A39,'Danh mục hàng hóa'!$C$3:$M$656,6,0) -> 38000 | E39: 1 | F39: =D39*E39 -> 38000 | H39: 33440
A40: KTB07 | B40: =VLOOKUP(A40,'Danh mục hàng hóa'!$C$3:$D$643,2,0) -> Kẹp tóc bướm kem | C40: =VLOOKUP(A40,'Danh mục hàng hóa'!$C$3:$E$656,3,0) -> cái | D40: =VLOOKUP(A40,'Danh mục hàng hóa'!$C$3:$M$656,6,0) -> 38000 | E40: 1 | F40: =D40*E40 -> 38000 | H40: 33140
A41: KTB01 | B41: =VLOOKUP(A41,'Danh mục hàng hóa'!$C$3:$D$643,2,0) -> Kẹp tóc bướm hồng phấn | C41: =VLOOKUP(A41,'Danh mục hàng hóa'!$C$3:$E$656,3,0) -> cái | D41: =VLOOKUP(A41,'Danh mục hàng hóa'!$C$3:$M$656,6,0) -> 38000 | E41: 1 | F41: =D41*E41 -> 38000 | H41: 32720
A42: KTB01 | B42: =VLOOKUP(A42,'Danh mục hàng hóa'!$C$3:$D$643,2,0) -> Kẹp tóc bướm hồng phấn | C42: =VLOOKUP(A42,'Danh mục hàng hóa'!$C$3:$E$656,3,0) -> cái | D42: =VLOOKUP(A42,'Danh mục hàng hóa'!$C$3:$M$656,6,0) -> 38000 | E42: 1 | F42: =D42*E42 -> 38000 | H42: 60032
A43: KTB05 | B43: =VLOOKUP(A43,'Danh mục hàng hóa'!$C$3:$D$643,2,0) -> Kẹp tóc bướm tím | C43: =VLOOKUP(A43,'Danh mục hàng hóa'!$C$3:$E$656,3,0) -> cái | D43: =VLOOKUP(A43,'Danh mục hàng hóa'!$C$3:$M$656,6,0) -> 38000 | E43: 1 | F43: =D43*E43 -> 38000
A44: KTB01 | B44: =VLOOKUP(A44,'Danh mục hàng hóa'!$C$3:$D$643,2,0) -> Kẹp tóc bướm hồng phấn | C44: =VLOOKUP(A44,'Danh mục hàng hóa'!$C$3:$E$656,3,0) -> cái | D44: =VLOOKUP(A44,'Danh mục hàng hóa'!$C$3:$M$656,6,0) -> 38000 | E44: 1 | F44: =D44*E44 -> 38000 | H44: 60132
A45: KTB05 | B45: =VLOOKUP(A45,'Danh mục hàng hóa'!$C$3:$D$643,2,0) -> Kẹp tóc bướm tím | C45: =VLOOKUP(A45,'Danh mục hàng hóa'!$C$3:$E$656,3,0) -> cái | D45: =VLOOKUP(A45,'Danh mục hàng hóa'!$C$3:$M$656,6,0) -> 38000 | E45: 1 | F45: =D45*E45 -> 38000
A46: MHTT16 | B46: =VLOOKUP(A46,'Danh mục hàng hóa'!$C$3:$D$643,2,0) -> Mô hình mèo 1 | C46: =VLOOKUP(A46,'Danh mục hàng hóa'!$C$3:$E$656,3,0) -> cái | D46: =VLOOKUP(A46,'Danh mục hàng hóa'!$C$3:$M$656,6,0) -> 37800 | E46: 1 | F46: =D46*E46 -> 37800 | H46: 89813
A47: MHTT17 | B47: =VLOOKUP(A47,'Danh mục hàng hóa'!$C$3:$D$643,2,0) -> Mô hình mèo 2 | C47: =VLOOKUP(A47,'Danh mục hàng hóa'!$C$3:$E$656,3,0) -> cái | D47: =VLOOKUP(A47,'Danh mục hàng hóa'!$C$3:$M$656,6,0) -> 37800 | E47: 1 | F47: =D47*E47 -> 37800
A48: MHTT20 | B48: =VLOOKUP(A48,'Danh mục hàng hóa'!$C$3:$D$643,2,0) -> Mô hình mèo 5 | C48: =VLOOKUP(A48,'Danh mục hàng hóa'!$C$3:$E$656,3,0) -> cái | D48: =VLOOKUP(A48,'Danh mục hàng hóa'!$C$3:$M$656,6,0) -> 37800 | E48: 1 | F48: =D48*E48 -> 37800
A49: KTB01 | B49: =VLOOKUP(A49,'Danh mục hàng hóa'!$C$3:$D$643,2,0) -> Kẹp tóc bướm hồng phấn | C49: =VLOOKUP(A49,'Danh mục hàng hóa'!$C$3:$E$656,3,0) -> cái | D49: =VLOOKUP(A49,'Danh mục hàng hóa'!$C$3:$M$656,6,0) -> 38000 | E49: 1 | F49: =D49*E49 -> 38000 | H49: 90288
A50: KTB07 | B50: =VLOOKUP(A50,'Danh mục hàng hóa'!$C$3:$D$643,2,0) -> Kẹp tóc bướm kem | C50: =VLOOKUP(A50,'Danh mục hàng hóa'!$C$3:$E$656,3,0) -> cái | D50: =VLOOKUP(A50,'Danh mục hàng hóa'!$C$3:$M$656,6,0) -> 38000 | E50: 1 | F50: =D50*E50 -> 38000
A51: KTB05 | B51: =VLOOKUP(A51,'Danh mục hàng hóa'!$C$3:$D$643,2,0) -> Kẹp tóc bướm tím | C51: =VLOOKUP(A51,'Danh mục hàng hóa'!$C$3:$E$656,3,0) -> cái | D51: =VLOOKUP(A51,'Danh mục hàng hóa'!$C$3:$M$656,6,0) -> 38000 | E51: 1 | F51: =D51*E51 -> 38000
A52: KTB07 | B52: =VLOOKUP(A52,'Danh mục hàng hóa'!$C$3:$D$643,2,0) -> Kẹp tóc bướm kem | C52: =VLOOKUP(A52,'Danh mục hàng hóa'!$C$3:$E$656,3,0) -> cái | D52: =VLOOKUP(A52,'Danh mục hàng hóa'!$C$3:$M$656,6,0) -> 38000 | E52: 1 | F52: =D52*E52 -> 38000 | H52: 60132
A53: KTB05 | B53: =VLOOKUP(A53,'Danh mục hàng hóa'!$C$3:$D$643,2,0) -> Kẹp tóc bướm tím | C53: =VLOOKUP(A53,'Danh mục hàng hóa'!$C$3:$E$656,3,0) -> cái | D53: =VLOOKUP(A53,'Danh mục hàng hóa'!$C$3:$M$656,6,0) -> 38000 | E53: 1 | F53: =D53*E53 -> 38000
A54: KTB01 | B54: =VLOOKUP(A54,'Danh mục hàng hóa'!$C$3:$D$643,2,0) -> Kẹp tóc bướm hồng phấn | C54: =VLOOKUP(A54,'Danh mục hàng hóa'!$C$3:$E$656,3,0) -> cái | D54: =VLOOKUP(A54,'Danh mục hàng hóa'!$C$3:$M$656,6,0) -> 38000 | E54: 1 | F54: =D54*E54 -> 38000 | H54: 314336
A55: KTB07 | B55: =VLOOKUP(A55,'Danh mục hàng hóa'!$C$3:$D$643,2,0) -> Kẹp tóc bướm kem | C55: =VLOOKUP(A55,'Danh mục hàng hóa'!$C$3:$E$656,3,0) -> cái | D55: =VLOOKUP(A55,'Danh mục hàng hóa'!$C$3:$M$656,6,0) -> 38000 | E55: 4 | F55: =D55*E55 -> 152000
A56: KTB03 | B56: =VLOOKUP(A56,'Danh mục hàng hóa'!$C$3:$D$643,2,0) -> Kẹp tóc bướm xanh ngọc | C56: =VLOOKUP(A56,'Danh mục hàng hóa'!$C$3:$E$656,3,0) -> cái | D56: =VLOOKUP(A56,'Danh mục hàng hóa'!$C$3:$M$656,6,0) -> 38000 | E56: 2 | F56: =D56*E56 -> 76000
A57: KTB05 | B57: =VLOOKUP(A57,'Danh mục hàng hóa'!$C$3:$D$643,2,0) -> Kẹp tóc bướm tím | C57: =VLOOKUP(A57,'Danh mục hàng hóa'!$C$3:$E$656,3,0) -> cái | D57: =VLOOKUP(A57,'Danh mục hàng hóa'!$C$3:$M$656,6,0) -> 38000 | E57: 2 | F57: =D57*E57 -> 76000
A58: KTB02 | B58: =VLOOKUP(A58,'Danh mục hàng hóa'!$C$3:$D$643,2,0) -> Kẹp tóc bướm hồng | C58: =VLOOKUP(A58,'Danh mục hàng hóa'!$C$3:$E$656,3,0) -> cái | D58: =VLOOKUP(A58,'Danh mục hàng hóa'!$C$3:$M$656,6,0) -> 40000 | E58: 1 | F58: =D58*E58 -> 40000
A59: KTB02 | B59: =VLOOKUP(A59,'Danh mục hàng hóa'!$C$3:$D$643,2,0) -> Kẹp tóc bướm hồng | C59: =VLOOKUP(A59,'Danh mục hàng hóa'!$C$3:$E$656,3,0) -> cái | D59: =VLOOKUP(A59,'Danh mục hàng hóa'!$C$3:$M$656,6,0) -> 40000 | E59: 1 | F59: =D59*E59 -> 40000 | H59: 44588
A60: KTHS03 | B60: =VLOOKUP(A60,'Danh mục hàng hóa'!$C$3:$D$643,2,0) -> Kẹp tóc hoa sứ vàng | C60: =VLOOKUP(A60,'Danh mục hàng hóa'!$C$3:$E$656,3,0) -> cái | D60: =VLOOKUP(A60,'Danh mục hàng hóa'!$C$3:$M$656,6,0) -> 18500 | E60: 1 | F60: =D60*E60 -> 18500
A61: KTB05 | B61: =VLOOKUP(A61,'Danh mục hàng hóa'!$C$3:$D$643,2,0) -> Kẹp tóc bướm tím | C61: =VLOOKUP(A61,'Danh mục hàng hóa'!$C$3:$E$656,3,0) -> cái | D61: =VLOOKUP(A61,'Danh mục hàng hóa'!$C$3:$M$656,6,0) -> 38000 | E61: 1 | F61: =D61*E61 -> 38000 | H61: 33280
A62: HCC | B62: =VLOOKUP(A62,'Danh mục hàng hóa'!$C$3:$D$643,2,0) -> Heo ú | C62: =VLOOKUP(A62,'Danh mục hàng hóa'!$C$3:$E$656,3,0) -> cái | D62: =VLOOKUP(A62,'Danh mục hàng hóa'!$C$3:$M$656,6,0) -> 61275 | E62: 1 | F62: =D62*E62 -> 61275 | H62: 47194
A63: KTB02 | B63: =VLOOKUP(A63,'Danh mục hàng hóa'!$C$3:$D$643,2,0) -> Kẹp tóc bướm hồng | C63: =VLOOKUP(A63,'Danh mục hàng hóa'!$C$3:$E$656,3,0) -> cái | D63: =VLOOKUP(A63,'Danh mục hàng hóa'!$C$3:$M$656,6,0) -> 40000 | E63: 2 | F63: =D63*E63 -> 80000 | H63: =28000*(3+2+3+1+1) -> 280000
A64: KTB01 | B64: =VLOOKUP(A64,'Danh mục hàng hóa'!$C$3:$D$643,2,0) -> Kẹp tóc bướm hồng phấn | C64: =VLOOKUP(A64,'Danh mục hàng hóa'!$C$3:$E$656,3,0) -> cái | D64: =VLOOKUP(A64,'Danh mục hàng hóa'!$C$3:$M$656,6,0) -> 38000 | E64: 3 | F64: =D64*E64 -> 114000
A65: KTB03 | B65: =VLOOKUP(A65,'Danh mục hàng hóa'!$C$3:$D$643,2,0) -> Kẹp tóc bướm xanh ngọc | C65: =VLOOKUP(A65,'Danh mục hàng hóa'!$C$3:$E$656,3,0) -> cái | D65: =VLOOKUP(A65,'Danh mục hàng hóa'!$C$3:$M$656,6,0) -> 38000 | E65: 3 | F65: =D65*E65 -> 114000
A66: KTB07 | B66: =VLOOKUP(A66,'Danh mục hàng hóa'!$C$3:$D$643,2,0) -> Kẹp tóc bướm kem | C66: =VLOOKUP(A66,'Danh mục hàng hóa'!$C$3:$E$656,3,0) -> cái | D66: =VLOOKUP(A66,'Danh mục hàng hóa'!$C$3:$M$656,6,0) -> 38000 | E66: 1 | F66: =D66*E66 -> 38000
A67: KTB04 | B67: =VLOOKUP(A67,'Danh mục hàng hóa'!$C$3:$D$643,2,0) -> Kẹp tóc bướm xanh tím | C67: =VLOOKUP(A67,'Danh mục hàng hóa'!$C$3:$E$656,3,0) -> cái | D67: =VLOOKUP(A67,'Danh mục hàng hóa'!$C$3:$M$656,6,0) -> 40000 | E67: 1 | F67: =D67*E67 -> 40000
A68: KTB05 | B68: =VLOOKUP(A68,'Danh mục hàng hóa'!$C$3:$D$643,2,0) -> Kẹp tóc bướm tím | C68: =VLOOKUP(A68,'Danh mục hàng hóa'!$C$3:$E$656,3,0) -> cái | D68: =VLOOKUP(A68,'Danh mục hàng hóa'!$C$3:$M$656,6,0) -> 38000 | E68: 2 | F68: =D68*E68 -> 76000 | H68: 59472
A69: KTB05 | B69: =VLOOKUP(A69,'Danh mục hàng hóa'!$C$3:$D$643,2,0) -> Kẹp tóc bướm tím | C69: =VLOOKUP(A69,'Danh mục hàng hóa'!$C$3:$E$656,3,0) -> cái | D69: =VLOOKUP(A69,'Danh mục hàng hóa'!$C$3:$M$656,6,0) -> 38000 | E69: 1 | F69: =D69*E69 -> 38000 | H69: 33380
A70: HCC | B70: =VLOOKUP(A70,'Danh mục hàng hóa'!$C$3:$D$643,2,0) -> Heo ú | C70: =VLOOKUP(A70,'Danh mục hàng hóa'!$C$3:$E$656,3,0) -> cái | D70: =VLOOKUP(A70,'Danh mục hàng hóa'!$C$3:$M$656,6,0) -> 61275 | E70: 1 | F70: =D70*E70 -> 61275 | H70: 43294
A71: KTB05 | B71: =VLOOKUP(A71,'Danh mục hàng hóa'!$C$3:$D$643,2,0) -> Kẹp tóc bướm tím | C71: =VLOOKUP(A71,'Danh mục hàng hóa'!$C$3:$E$656,3,0) -> cái | D71: =VLOOKUP(A71,'Danh mục hàng hóa'!$C$3:$M$656,6,0) -> 38000 | E71: 1 | F71: =D71*E71 -> 38000 | H71: 33380
A72: KTB07 | B72: =VLOOKUP(A72,'Danh mục hàng hóa'!$C$3:$D$643,2,0) -> Kẹp tóc bướm kem | C72: =VLOOKUP(A72,'Danh mục hàng hóa'!$C$3:$E$656,3,0) -> cái | D72: =VLOOKUP(A72,'Danh mục hàng hóa'!$C$3:$M$656,6,0) -> 38000 | E72: 1 | F72: =D72*E72 -> 38000 | H72: 32880
A73: KTB07 | B73: =VLOOKUP(A73,'Danh mục hàng hóa'!$C$3:$D$643,2,0) -> Kẹp tóc bướm kem | C73: =VLOOKUP(A73,'Danh mục hàng hóa'!$C$3:$E$656,3,0) -> cái | D73: =VLOOKUP(A73,'Danh mục hàng hóa'!$C$3:$M$656,6,0) -> 38000 | E73: 1 | F73: =D73*E73 -> 38000 | H73: 60132
A74: KTB05 | B74: =VLOOKUP(A74,'Danh mục hàng hóa'!$C$3:$D$643,2,0) -> Kẹp tóc bướm tím | C74: =VLOOKUP(A74,'Danh mục hàng hóa'!$C$3:$E$656,3,0) -> cái | D74: =VLOOKUP(A74,'Danh mục hàng hóa'!$C$3:$M$656,6,0) -> 38000 | E74: 1 | F74: =D74*E74 -> 38000
A75: TCC | B75: =VLOOKUP(A75,'Danh mục hàng hóa'!$C$3:$D$643,2,0) -> Thỏ chong chóng | C75: =VLOOKUP(A75,'Danh mục hàng hóa'!$C$3:$E$656,3,0) -> cái | D75: =VLOOKUP(A75,'Danh mục hàng hóa'!$C$3:$M$656,6,0) -> 54740 | E75: 1 | F75: =D75*E75 -> 54740 | H75: 124347
A76: VCN08 | B76: =VLOOKUP(A76,'Danh mục hàng hóa'!$C$3:$D$643,2,0) -> Vớ cổ ngắn set xanh bơ 3 | C76: =VLOOKUP(A76,'Danh mục hàng hóa'!$C$3:$E$656,3,0) -> đôi | D76: =VLOOKUP(A76,'Danh mục hàng hóa'!$C$3:$M$656,6,0) -> 9800 | E76: 1 | F76: =D76*E76 -> 9800
A77: TDVGX | B77: =VLOOKUP(A77,'Danh mục hàng hóa'!$C$3:$D$643,2,0) -> Thỏ đi vịt gắn xe | C77: =VLOOKUP(A77,'Danh mục hàng hóa'!$C$3:$E$656,3,0) -> cái | D77: =VLOOKUP(A77,'Danh mục hàng hóa'!$C$3:$M$656,6,0) -> 45000 | E77: 1 | F77: =D77*E77 -> 45000
A78: VCN11 | B78: =VLOOKUP(A78,'Danh mục hàng hóa'!$C$3:$D$643,2,0) -> Vớ cổ ngắn họa tiết hoa thỏ be | C78: =VLOOKUP(A78,'Danh mục hàng hóa'!$C$3:$E$656,3,0) -> đôi | D78: =VLOOKUP(A78,'Danh mục hàng hóa'!$C$3:$M$656,6,0) -> 9400 | E78: 1 | F78: =D78*E78 -> 9400
A79: KTB05 | B79: =VLOOKUP(A79,'Danh mục hàng hóa'!$C$3:$D$643,2,0) -> Kẹp tóc bướm tím | C79: =VLOOKUP(A79,'Danh mục hàng hóa'!$C$3:$E$656,3,0) -> cái | D79: =VLOOKUP(A79,'Danh mục hàng hóa'!$C$3:$M$656,6,0) -> 38000 | E79: 1 | F79: =D79*E79 -> 38000
A80: HCC | B80: =VLOOKUP(A80,'Danh mục hàng hóa'!$C$3:$D$643,2,0) -> Heo ú | C80: =VLOOKUP(A80,'Danh mục hàng hóa'!$C$3:$E$656,3,0) -> cái | D80: =VLOOKUP(A80,'Danh mục hàng hóa'!$C$3:$M$656,6,0) -> 61275 | E80: 1 | F80: =D80*E80 -> 61275 | H80: 90351
A81: HCC02 | B81: =VLOOKUP(A81,'Danh mục hàng hóa'!$C$3:$D$643,2,0) -> Heo ú bay | C81: =VLOOKUP(A81,'Danh mục hàng hóa'!$C$3:$E$656,3,0) -> cái | D81: =VLOOKUP(A81,'Danh mục hàng hóa'!$C$3:$M$656,6,0) -> 61275 | E81: 1 | F81: =D81*E81 -> 61275
A82: KTB07 | B82: =VLOOKUP(A82,'Danh mục hàng hóa'!$C$3:$D$643,2,0) -> Kẹp tóc bướm kem | C82: =VLOOKUP(A82,'Danh mục hàng hóa'!$C$3:$E$656,3,0) -> cái | D82: =VLOOKUP(A82,'Danh mục hàng hóa'!$C$3:$M$656,6,0) -> 38000 | E82: 1 | F82: =D82*E82 -> 38000 | H82: 59304
A83: KTB05 | B83: =VLOOKUP(A83,'Danh mục hàng hóa'!$C$3:$D$643,2,0) -> Kẹp tóc bướm tím | C83: =VLOOKUP(A83,'Danh mục hàng hóa'!$C$3:$E$656,3,0) -> cái | D83: =VLOOKUP(A83,'Danh mục hàng hóa'!$C$3:$M$656,6,0) -> 38000 | E83: 1 | F83: =D83*E83 -> 38000
A84: MKD01 | B84: =VLOOKUP(A84,'Danh mục hàng hóa'!$C$3:$D$643,2,0) -> Móc khóa đôi heo | C84: =VLOOKUP(A84,'Danh mục hàng hóa'!$C$3:$E$656,3,0) -> cái | D84: =VLOOKUP(A84,'Danh mục hàng hóa'!$C$3:$M$656,6,0) -> 56580 | E84: 1 | F84: =D84*E84 -> 56580 | H84: 44091
A85: HCC | B85: =VLOOKUP(A85,'Danh mục hàng hóa'!$C$3:$D$643,2,0) -> Heo ú | C85: =VLOOKUP(A85,'Danh mục hàng hóa'!$C$3:$E$656,3,0) -> cái | D85: =VLOOKUP(A85,'Danh mục hàng hóa'!$C$3:$M$656,6,0) -> 61275 | E85: 2 | F85: =D85*E85 -> 122550 | H85: 86388
A86: KTB05 | B86: =VLOOKUP(A86,'Danh mục hàng hóa'!$C$3:$D$643,2,0) -> Kẹp tóc bướm tím | C86: =VLOOKUP(A86,'Danh mục hàng hóa'!$C$3:$E$656,3,0) -> cái | D86: =VLOOKUP(A86,'Danh mục hàng hóa'!$C$3:$M$656,6,0) -> 38000 | E86: 1 | F86: =D86*E86 -> 38000 | H86: 33380
A87: KKTTD03 | B87: =VLOOKUP(A87,'Danh mục hàng hóa'!$C$3:$D$643,2,0) -> Kẹp khuếch tán tinh dầu vịt be | C87: =VLOOKUP(A87,'Danh mục hàng hóa'!$C$3:$E$656,3,0) -> cái | D87: =VLOOKUP(A87,'Danh mục hàng hóa'!$C$3:$M$656,6,0) -> 142400 | E87: 1 | F87: =D87*E87 -> 142400 | H87: 112221
A88: MKD01 | B88: =VLOOKUP(A88,'Danh mục hàng hóa'!$C$3:$D$643,2,0) -> Móc khóa đôi heo | C88: =VLOOKUP(A88,'Danh mục hàng hóa'!$C$3:$E$656,3,0) -> cái | D88: =VLOOKUP(A88,'Danh mục hàng hóa'!$C$3:$M$656,6,0) -> 56580 | E88: 1 | F88: =D88*E88 -> 56580 | H88: 44511
A89: MKD03 | B89: =VLOOKUP(A89,'Danh mục hàng hóa'!$C$3:$D$643,2,0) -> Móc khóa đôi corgy | C89: =VLOOKUP(A89,'Danh mục hàng hóa'!$C$3:$E$656,3,0) -> cái | D89: =VLOOKUP(A89,'Danh mục hàng hóa'!$C$3:$M$656,6,0) -> 56580 | E89: -1 | F89: =D89*E89 -> -56580 | H89: -56580
A90: KTB03 | B90: =VLOOKUP(A90,'Danh mục hàng hóa'!$C$3:$D$643,2,0) -> Kẹp tóc bướm xanh ngọc | C90: =VLOOKUP(A90,'Danh mục hàng hóa'!$C$3:$E$656,3,0) -> cái | D90: =VLOOKUP(A90,'Danh mục hàng hóa'!$C$3:$M$656,6,0) -> 38000 | E90: 1 | F90: =D90*E90 -> 38000 | H90: 32720
A91: TCB18 | B91: =VLOOKUP(A91,'Danh mục hàng hóa'!$C$3:$D$643,2,0) -> Túi chườm bụng thỏ hồng 500ml | C91: =VLOOKUP(A91,'Danh mục hàng hóa'!$C$3:$E$656,3,0) -> túi | D91: =VLOOKUP(A91,'Danh mục hàng hóa'!$C$3:$M$656,6,0) -> 72250 | E91: 1 | F91: =D91*E91 -> 72250 | H91: 57222
A92: TDVGX | B92: =VLOOKUP(A92,'Danh mục hàng hóa'!$C$3:$D$643,2,0) -> Thỏ đi vịt gắn xe | C92: =VLOOKUP(A92,'Danh mục hàng hóa'!$C$3:$E$656,3,0) -> cái | D92: =VLOOKUP(A92,'Danh mục hàng hóa'!$C$3:$M$656,6,0) -> 45000 | E92: 1 | F92: =D92*E92 -> 45000 | H92: 42708
A93: TD06 | B93: =VLOOKUP(A93,'Danh mục hàng hóa'!$C$3:$D$643,2,0) -> Thước dây xanh | C93: =VLOOKUP(A93,'Danh mục hàng hóa'!$C$3:$E$656,3,0) -> cái | D93: =VLOOKUP(A93,'Danh mục hàng hóa'!$C$3:$M$656,6,0) -> 9000 | E93: 1 | F93: =D93*E93 -> 9000
A94: KTHS01 | B94: =VLOOKUP(A94,'Danh mục hàng hóa'!$C$3:$D$643,2,0) -> Kẹp tóc hoa sứ tím | C94: =VLOOKUP(A94,'Danh mục hàng hóa'!$C$3:$E$656,3,0) -> cái | D94: =VLOOKUP(A94,'Danh mục hàng hóa'!$C$3:$M$656,6,0) -> 18500 | E94: 1 | F94: =D94*E94 -> 18500 | H94: 16280
A95: MKD05 | B95: =VLOOKUP(A95,'Danh mục hàng hóa'!$C$3:$D$643,2,0) -> Móc khóa đôi gấu trúc | C95: =VLOOKUP(A95,'Danh mục hàng hóa'!$C$3:$E$656,3,0) -> cái | D95: =VLOOKUP(A95,'Danh mục hàng hóa'!$C$3:$M$656,6,0) -> 56580 | E95: 1 | F95: =D95*E95 -> 56580 | H95: 44491
A96: MKD05 | B96: =VLOOKUP(A96,'Danh mục hàng hóa'!$C$3:$D$643,2,0) -> Móc khóa đôi gấu trúc | C96: =VLOOKUP(A96,'Danh mục hàng hóa'!$C$3:$E$656,3,0) -> cái | D96: =VLOOKUP(A96,'Danh mục hàng hóa'!$C$3:$M$656,6,0) -> 56580 | E96: 1 | F96: =D96*E96 -> 56580 | H96: 44491
A97: TCB16 | B97: =VLOOKUP(A97,'Danh mục hàng hóa'!$C$3:$D$643,2,0) -> Túi chườm bụng gấu nâu 500ml | C97: =VLOOKUP(A97,'Danh mục hàng hóa'!$C$3:$E$656,3,0) -> túi | D97: =VLOOKUP(A97,'Danh mục hàng hóa'!$C$3:$M$656,6,0) -> 72250 | E97: 2 | F97: =D97*E97 -> 144500 | H97: 533000
A98: TCB18 | B98: =VLOOKUP(A98,'Danh mục hàng hóa'!$C$3:$D$643,2,0) -> Túi chườm bụng thỏ hồng 500ml | C98: =VLOOKUP(A98,'Danh mục hàng hóa'!$C$3:$E$656,3,0) -> túi | D98: =VLOOKUP(A98,'Danh mục hàng hóa'!$C$3:$M$656,6,0) -> 72250 | E98: 8 | F98: =D98*E98 -> 578000
A99: CT04 | B99: =VLOOKUP(A99,'Danh mục hàng hóa'!$C$3:$D$643,2,0) -> Cài tóc kem | C99: =VLOOKUP(A99,'Danh mục hàng hóa'!$C$3:$E$656,3,0) -> cái | D99: =VLOOKUP(A99,'Danh mục hàng hóa'!$C$3:$M$656,6,0) -> 21000 | E99: 1 | F99: =D99*E99 -> 21000 | H99: 45616
A100: KTHS03 | B100: =VLOOKUP(A100,'Danh mục hàng hóa'!$C$3:$D$643,2,0) -> Kẹp tóc hoa sứ vàng | C100: =VLOOKUP(A100,'Danh mục hàng hóa'!$C$3:$E$656,3,0) -> cái | D100: =VLOOKUP(A100,'Danh mục hàng hóa'!$C$3:$M$656,6,0) -> 18500 | E100: 1 | F100: =D100*E100 -> 18500
...

Sheet Giá trị tồn kho hiện tại
G1: =SUM(G3:G535) -> 29584476
A2: STT | B2: Mã hàng | C2: Tên quy cách | D2: Tồn | E2: Giá nhập (tệ) | F2: Giá nhập (vnd) | G2: Tổng
A3: 1 | B3: TCB01 | C3: Túi chườm bụng trái bơ 1000ml | D3: ='Thống kê'!I3 -> -1 | E3: 11.57 | F3: =E3*3600 -> 41652 | G3: =D3*F3 -> -41652
A4: 2 | B4: TCB01-500 | C4: Túi chườm bụng trái bơ 500ml | D4: ='Thống kê'!I4 -> 1 | E4: 9.76 | F4: =E4*3600 -> 35136 | G4: =D4*F4 -> 35136
A5: 3 | B5: TCB02 | C5: Túi chườm bụng dâu (xanh) 1000ml | D5: ='Thống kê'!I5 -> 0 | E5: 11.57 | F5: =E5*3600 -> 41652 | G5: =D5*F5 -> 0
A6: 4 | B6: TCB02-500 | C6: Túi chườm bụng dâu (xanh) 500ml | D6: ='Thống kê'!I6 -> 2 | E6: 9.76 | F6: =E6*3600 -> 35136 | G6: =D6*F6 -> 70272
A7: 5 | B7: TCB03 | C7: Túi chườm bụng dâu (hồng đất) 1000ml | D7: ='Thống kê'!I7 -> -2 | E7: 11.57 | F7: =E7*3600 -> 41652 | G7: =D7*F7 -> -83304
A8: 6 | B8: TCB03-500 | C8: Túi chườm bụng dâu (hồng đất) 500ml | D8: ='Thống kê'!I8 -> 6 | E8: 9.76 | F8: =E8*3600 -> 35136 | G8: =D8*F8 -> 210816
A9: 7 | B9: TCB04 | C9: Túi chườm bụng dứa (xanh đậm) 1000ml | D9: ='Thống kê'!I9 -> -4 | E9: 11.57 | F9: =E9*3600 -> 41652 | G9: =D9*F9 -> -166608
A10: 8 | B10: TCB04-500 | C10: Túi chườm bụng dứa (xanh đậm) 500ml | D10: ='Thống kê'!I10 -> 2 | E10: 9.76 | F10: =E10*3600 -> 35136 | G10: =D10*F10 -> 70272
A11: 9 | B11: TCB05 | C11: Túi chườm bụng thỏ và dứa 1000ml | D11: ='Thống kê'!I11 -> 0 | E11: 11.57 | F11: =E11*3600 -> 41652 | G11: =D11*F11 -> 0
A12: 10 | B12: TCB05-500 | C12: Túi chườm bụng thỏ và dứa 500ml | D12: ='Thống kê'!I12 -> 3 | E12: 9.76 | F12: =E12*3600 -> 35136 | G12: =D12*F12 -> 105408
A13: 27 | B13: CA01 | C13: Cài áo hoa hồng đen | D13: ='Thống kê'!I29 -> 2 | F13: =E13*3600 -> 0 | G13: =D13*F13 -> 0
A14: 28 | B14: CA02 | C14: Cài áo hoa hồng đỏ | D14: ='Thống kê'!I30 -> 3 | F14: =E14*3600 -> 0 | G14: =D14*F14 -> 0
A15: 29 | B15: CA03 | C15: Cài áo hoa hồng xanh có ngọc trai | D15: ='Thống kê'!I31 -> 0 | F15: =E15*3600 -> 0 | G15: =D15*F15 -> 0
A16: 30 | B16: CA04 | C16: Cài áo hoa hồng trắng có ngọc trai | D16: ='Thống kê'!I32 -> 2 | F16: =E16*3600 -> 0 | G16: =D16*F16 -> 0
A17: 31 | B17: CA05 | C17: Cài áo ngọc trai bướm vàng | D17: ='Thống kê'!I33 -> 2 | F17: =E17*3600 -> 0 | G17: =D17*F17 -> 0
A18: 32 | B18: CA06 | C18: Cài áo ngọc trai bướm bạc | D18: ='Thống kê'!I34 -> 3 | F18: =E18*3600 -> 0 | G18: =D18*F18 -> 0
A19: 33 | B19: CA07 | C19: Cài áo tulip | D19: ='Thống kê'!I35 -> 0 | F19: =E19*3600 -> 0 | G19: =D19*F19 -> 0
A20: 34 | B20: CA08 | C20: Cài áo lúa | D20: ='Thống kê'!I36 -> 0 | F20: =E20*3600 -> 0 | G20: =D20*F20 -> 0
A21: 35 | B21: CA09 | C21: Cài áo xương rồng | D21: ='Thống kê'!I37 -> 2 | F21: =E21*3600 -> 0 | G21: =D21*F21 -> 0
A22: 36 | B22: CA10 | C22: Cài áo trái tim vàng | D22: ='Thống kê'!I38 -> 2 | F22: =E22*3600 -> 0 | G22: =D22*F22 -> 0
A23: 37 | B23: CA11 | C23: Cài áo trái tim bạc | D23: ='Thống kê'!I39 -> 0 | F23: =E23*3600 -> 0 | G23: =D23*F23 -> 0
A24: 38 | B24: CA12 | C24: Cài áo kính vàng | D24: ='Thống kê'!I40 -> 0 | F24: =E24*3600 -> 0 | G24: =D24*F24 -> 0
... A235: 249 | B235: DRG06 | C235: Dao rọc giấy gấu nâu | D235: ='Thống kê'!I251 -> 0 | F235: =E235*3600 -> 0 | G235: =D235*F235 -> 0
A236: 250 | B236: GCC | C236: Gấu ú | D236: ='Thống kê'!I252 -> 2 | E236: 7.51 | F236: =E236*3600 -> 27036 | G236: =D236*F236 -> 54072
A237: 251 | B237: MCC | C237: Mèo ú | D237: ='Thống kê'!I253 -> 3 | E237: 7.51 | F237: =E237*3600 -> 27036 | G237: =D237*F237 -> 81108
A238: 252 | B238: MCC02 | C238: Mèo ú bay | D238: ='Thống kê'!I254 -> -1 | E238: 8.46 | F238: =E238*3600 -> 30456 | G238: =D238*F238 -> -30456
A239: 253 | B239: HCC | C239: Heo ú | D239: ='Thống kê'!I255 -> 8 | E239: 7.51 | F239: =E239*3600 -> 27036 | G239: =D239*F239 -> 216288
A240: 254 | B240: HCC02 | C240: Heo ú bay | D240: ='Thống kê'!I256 -> -6 | E240: 8.46 | F240: =E240*3600 -> 30456 | G240: =D240*F240 -> -182736
A241: 255 | B241: TCC | C241: Thỏ ú | D241: ='Thống kê'!I257 -> 5 | E241: 7.51 | F241: =E241*3600 -> 27036 | G241: =D241*F241 -> 135180
A242: 256 | B242: TCC02 | C242: Thỏ ú bay | D242: ='Thống kê'!I258 -> 2 | E242: 8.46 | F242: =E242*3600 -> 30456 | G242: =D242*F242 -> 60912
A243: 257 | B243: TCC03 | C243: Thỏ ú hoa | D243: ='Thống kê'!I259 -> 1 | E243: 8.46 | F243: =E243*3600 -> 30456 | G243: =D243*F243 -> 30456
A244: 258 | B244: HCC03 | C244: Heo ú hoa | D244: ='Thống kê'!I260 -> 0 | E244: 8.46 | F244: =E244*3600 -> 30456 | G244: =D244*F244 -> 0
A245: 259 | B245: CCC | C245: Cún ú hoa | D245: ='Thống kê'!I261 -> 0 | E245: 8.46 | F245: =E245*3600 -> 30456 | G245: =D245*F245 -> 0
A246: 260 | B246: VCC | C246: Vịt ú bay | D246: ='Thống kê'!I262 -> 2 | E246: 8.46 | F246: =E246*3600 -> 30456 | G246: =D246*F246 -> 60912
A247: 261 | B247: CGX | C247: Cáo gắn xe | D247: ='Thống kê'!I263 -> 30 | E247: 5 | F247: =E247*3600 -> 18000 | G247: =D247*F247 -> 540000
... A254: 268 | B254: HCKLGX | C254: Heo cưỡi kì lân gắn xe | D254: ='Thống kê'!I270 -> 0 | E254: 5 | F254: =E254*3600 -> 18000 | G254: =D254*F254 -> 0
A255: 269 | B255: KKTTD01 | C255: Kẹp khuếch tán tinh dầu vịt vàng | D255: ='Thống kê'!I271 -> -3 | F255: =E255*3600 -> 0 | G255: =D255*F255 -> 0
A256: 270 | B256: KKTTD02 | C256: Kẹp khuếch tán tinh dầu vịt nâu | D256: ='Thống kê'!I272 -> -4 | F256: =E256*3600 -> 0 | G256: =D256*F256 -> 0
A257: 271 | B257: KKTTD03 | C257: Kẹp khuếch tán tinh dầu mèo hồng | D257: ='Thống kê'!I273 -> -2 | F257: =E257*3600 -> 0 | G257: =D257*F257 -> 0
A258: 272 | B258: KKTTD04 | C258: Kẹp khuếch tán tinh dầu vịt đen | D258: ='Thống kê'!I274 -> -2 | F258: =E258*3600 -> 0 | G258: =D258*F258 -> 0
A259: 273 | B259: KKTTD05 | C259: Kẹp khuếch tán tinh dầu thỏ hồng | D259: ='Thống kê'!I275 -> -1 | F259: =E259*3600 -> 0 | G259: =D259*F259 -> 0
A260: 274 | B260: KKTTD06 | C260: Kẹp khuếch tán tinh dầu gấu dâu | D260: ='Thống kê'!I276 -> 0 | F260: =E260*3600 -> 0 | G260: =D260*F260 -> 0
A261: 275 | B261: KKTTD07 | C261: Kẹp khuếch tán tinh dầu spider man | D261: ='Thống kê'!I277 -> 0 | F261: =E261*3600 -> 0 | G261: =D261*F261 -> 0
A262: 276 | B262: KKTTD08 | C262: Kẹp khuếch tán tinh dầu bat man | D262: ='Thống kê'!I278 -> 0 | F262: =E262*3600 -> 0 | G262: =D262*F262 -> 0
A263: 277 | B263: VKKTD00 | C263: 10 túi viên khuếch tán tinh dầu | D263: ='Thống kê'!I279 -> -1 | F263: =E263*3600 -> 0 | G263: =D263*F263 -> 0
A264: 278 | B264: VKKTD01 | C264: Viên khuếch tán tinh dầu 01 ( lemon ) | D264: ='Thống kê'!I280 -> -2 | F264: =E264*3600 -> 0 | G264: =D264*F264 -> 0
A265: 279 | B265: VKKTD02 | C265: Viên khuếch tán tinh dầu 02 ( rosie ) | D265: ='Thống kê'!I281 -> 4 | F265: =E265*3600 -> 0 | G265: =D265*F265 -> 0
A266: 280 | B266: VKKTD03 | C266: Viên khuếch tán tinh dầu 03 ( green tea ) | D266: ='Thống kê'!I282 -> 4 | F266: =E266*3600 -> 0 | G266: =D266*F266 -> 0
... A281: 295 | B281: TGCH10 | C281: Mèo da treo gương | D281: ='Thống kê'!I297 -> 4 | F281: =E281*3600 -> 0 | G281: =D281*F281 -> 0
A282: 296 | B282: MKD01 | C282: Móc khóa đôi heo | D282: ='Thống kê'!I298 -> -12 | E282: 5 | F282: =E282*3600 -> 18000 | G282: =D282*F282 -> -216000
A283: 297 | B283: MKD02 | C283: Móc khóa đôi thỏ cà rốt | D283: ='Thống kê'!I299 -> 0 | E283: 5 | F283: =E283*3600 -> 18000 | G283: =D283*F283 -> 0
A284: 298 | B284: MKD03 | C284: Móc khóa đôi corgy | D284: ='Thống kê'!I300 -> 40 | E284: 5 | F284: =E284*3600 -> 18000 | G284: =D284*F284 -> 720000
A285: 299 | B285: MKD04 | C285: Móc khoá đôi thỏ | D285: ='Thống kê'!I301 -> 0 | E285: 5 | F285: =E285*3600 -> 18000 | G285: =D285*F285 -> 0
A286: 300 | B286: MKD05 | C286: Móc khóa đôi gấu trúc | D286: ='Thống kê'!I302 -> 16 | E286: 5 | F286: =E286*3600 -> 18000 | G286: =D286*F286 -> 288000
A287: 301 | B287: MKD06 | C287: Móc khóa đôi gà rán bia | D287: ='Thống kê'!I303 -> 6 | E287: 5 | F287: =E287*3600 -> 18000 | G287: =D287*F287 -> 108000
A288: 302 | B288: MKD07 | C288: Móc khóa đôi 2 quả lê có nam châm | D288: ='Thống kê'!I304 -> 66 | E288: 5 | F288: =E288*3600 -> 18000 | G288: =D288*F288 -> 1188000
A289: 303 | B289: MKD08 | C289: Móc khóa đôi 2 mèo trắng nâu | D289: ='Thống kê'!I305 -> 5 | E289: 5 | F289: =E289*3600 -> 18000 | G289: =D289*F289 -> 90000
A290: 304 | B290: MKD09 | C290: Móc khóa đôi mèo trắng | D290: ='Thống kê'!I306 -> 2 | E290: 5 | F290: =E290*3600 -> 18000 | G290: =D290*F290 -> 36000
A291: 305 | B291: MHTT01 | C291: Mô hình cún 01 | D291: ='Thống kê'!I307 -> 8 | E291: 5 | F291: =E291*3600 -> 18000 | G291: =D291*F291 -> 144000
A292: 306 | B292: MHTT02 | C292: Mô hình cún 02 | D292: ='Thống kê'!I308 -> 10 | E292: 5 | F292: =E292*3600 -> 18000 | G292: =D292*F292 -> 180000
A293: 307 | B293: MHTT03 | C293: Mô hình cún 03 | D293: ='Thống kê'!I309 -> 11 | E293: 5 | F293: =E293*3600 -> 18000 | G293: =D293*F293 -> 198000
... A295: 309 | B295: MHTT05 | C295: Mô hình cún 05 | D295: ='Thống kê'!I311 -> -1 | E295: 5 | F295: =E295*3600 -> 18000 | G295: =D295*F295 -> -18000
A296: 310 | B296: MHTT06 | C296: Mô hình trái cây 06 | D296: ='Thống kê'!I312 -> 12 | F296: =E296*3600 -> 0 | G296: =D296*F296 -> 0
A297: 311 | B297: MHTT07 | C297: Mô hình trái cây 07 | D297: ='Thống kê'!I313 -> 12 | F297: =E297*3600 -> 0 | G297: =D297*F297 -> 0
A298: 312 | B298: MHTT08 | C298: Mô hình trái cây 08 | D298: ='Thống kê'!I314 -> 10 | F298: =E298*3600 -> 0 | G298: =D298*F298 -> 0
A299: 313 | B299: MHTT09 | C299: Mô hình trái cây 09 | D299: ='Thống kê'!I315 -> 12 | F299: =E299*3600 -> 0 | G299: =D299*F299 -> 0
A300: 314 | B300: MHTT10 | C300: Mô hình trái cây 10 | D300: ='Thống kê'!I316 -> 13 | F300: =E300*3600 -> 0 | G300: =D300*F300 -> 0
A301: 315 | B301: MHTT11 | C301: Mô hình trái cây 11 | D301: ='Thống kê'!I317 -> 13 | F301: =E301*3600 -> 0 | G301: =D301*F301 -> 0
A302: 316 | B302: MHTT12 | C302: Mô hình trái cây 12 | D302: ='Thống kê'!I318 -> 11 | F302: =E302*3600 -> 0 | G302: =D302*F302 -> 0
A303: 317 | B303: MHTT13 | C303: Mô hình trái cây 13 | D303: ='Thống kê'!I319 -> 13 | F303: =E303*3600 -> 0 | G303: =D303*F303 -> 0
A304: 318 | B304: MHTT14 | C304: Mô hình trái cây 14 | D304: ='Thống kê'!I320 -> 13 | F304: =E304*3600 -> 0 | G304: =D304*F304 -> 0
A305: 319 | B305: MHTT15 | C305: Mô hình trái cây 15 | D305: ='Thống kê'!I321 -> 13 | F305: =E305*3600 -> 0 | G305: =D305*F305 -> 0
A306: 320 | B306: MHTT16 | C306: Mô hình mèo 1 | D306: ='Thống kê'!I322 -> 9 | F306: =E306*3600 -> 0 | G306: =D306*F306 -> 0
A307: 321 | B307: MHTT17 | C307: Mô hình mèo 2 | D307: ='Thống kê'!I323 -> 6 | F307: =E307*3600 -> 0 | G307: =D307*F307 -> 0
... A390: 404 | B390: KN5 | C390: Kẹp nhựa nâu có hoa | D390: ='Thống kê'!I406 -> 4 | F390: =E390*3600 -> 0 | G390: =D390*F390 -> 0
A391: 405 | B391: TCB20 | C391: Túi chườm bụng vịt vàng 500ml | D391: ='Thống kê'!I407 -> 3 | E391: 8 | F391: =E391*3600 -> 28800 | G391: =D391*F391 -> 86400
A392: 406 | B392: TCB21 | C392: Túi chườm bụng thỏ xám 500ml | D392: ='Thống kê'!I408 -> 3 | E392: 8 | F392: =E392*3600 -> 28800 | G392: =D392*F392 -> 86400
A393: 407 | B393: TCB22 | C393: Túi chườm bụng gấu trúc 500ml | D393: ='Thống kê'!I409 -> 5 | E393: 8 | F393: =E393*3600 -> 28800 | G393: =D393*F393 -> 144000
A394: 408 | B394: TCB23 | C394: Túi chườm bụng gấu nâu 500ml | D394: ='Thống kê'!I410 -> 2 | E394: 8 | F394: =E394*3600 -> 28800 | G394: =D394*F394 -> 57600
A395: 409 | B395: TCB24 | C395: Túi chườm bụng chó trắng 500ml | D395: ='Thống kê'!I411 -> 1 | E395: 8 | F395: =E395*3600 -> 28800 | G395: =D395*F395 -> 28800
A396: 410 | B396: TCB25 | C396: Túi chườm bụng thỏ hồng 500ml | D396: ='Thống kê'!I412 -> -1 | E396: 8 | F396: =E396*3600 -> 28800 | G396: =D396*F396 -> -28800
A397: 411 | B397: GCC02 | C397: Gấu ú hoa | D397: ='Thống kê'!I413 -> 5 | E397: 8 | F397: =E397*3600 -> 28800 | G397: =D397*F397 -> 144000
A398: 412 | B398: MKD11 | C398: Móc khóa có chuông | D398: ='Thống kê'!I414 -> 15 | E398: 5 | F398: =E398*3600 -> 18000 | G398: =D398*F398 -> 270000
A399: 413 | B399: MKD10 | C399: Móc khóa mèo trái tim | D399: ='Thống kê'!I415 -> 2 | E399: 5 | F399: =E399*3600 -> 18000 | G399: =D399*F399 -> 36000
A400: 414 | B400: scc | C400: Shiba ú cầm hoa | D400: ='Thống kê'!I416 -> 3 | F400: =E400*3600 -> 0 | G400: =D400*F400 -> 0
A401: 415 | B401: hcc04 | C401: heo ú cầm hoa | D401: ='Thống kê'!I417 -> 7 | F401: =E401*3600 -> 0 | G401: =D401*F401 -> 0
A402: 416 | B402: MKC17 | C402: Móc khóa capybara | D402: ='Thống kê'!I418 -> 1 | F402: =E402*3600 -> 0 | G402: =D402*F402 -> 0
A403: 417 | B403: MKC18 | C403: Móc khóa capybara | D403: ='Thống kê'!I419 -> 4 | F403: =E403*3600 -> 0 | G403: =D403*F403 -> 0
A404: 418 | B404: MKC19 | C404: Móc khóa capybara | D404: ='Thống kê'!I420 -> 0 | F404: =E404*3600 -> 0 | G404: =D404*F404 -> 0
A405: 419 | B405: MKC20 | C405: Móc khóa capybara | D405: ='Thống kê'!I421 -> 0 | F405: =E405*3600 -> 0 | G405: =D405*F405 -> 0
A406: 420 | B406: MKCC01 | C406: Móc khoá cún Bánh mì | D406: ='Thống kê'!I422 -> 1 | E406: 5 | F406: =E406*3600 -> 18000 | G406: =D406*F406 -> 18000
A407: 421 | B407: MKCC02 | C407: Móc khoá cún Chanh vàng | D407: ='Thống kê'!I423 -> 6 | E407: 5 | F407: =E407*3600 -> 18000 | G407: =D407*F407 -> 108000
A408: 422 | B408: MKCC03 | C408: Móc khoá cún Chuối | D408: ='Thống kê'!I424 -> 0 | E408: 5 | F408: =E408*3600 -> 18000 | G408: =D408*F408 -> 0
A409: 423 | B409: MKCC04 | C409: Móc khoá cún Dưa hấu | D409: ='Thống kê'!I425 -> 13 | E409: 5 | F409: =E409*3600 -> 18000 | G409: =D409*F409 -> 234000
A410: 424 | B410: MKCC05 | C410: Móc khoá cún Sandwich | D410: ='Thống kê'!I426 -> 0 | E410: 5 | F410: =E410*3600 -> 18000 | G410: =D410*F410 -> 0
A411: 425 | B411: MKCC06 | C411: Móc khoá cún Donut | D411: ='Thống kê'!I427 -> 10 | E411: 5 | F411: =E411*3600 -> 18000 | G411: =D411*F411 -> 180000
A412: 426 | B412: MKCC07 | C412: Móc khoá cún Hoa xinh | D412: ='Thống kê'!I428 -> 1 | E412: 5 | F412: =E412*3600 -> 18000 | G412: =D412*F412 -> 18000
A413: 427 | B413: MKCC08 | C413: Móc khoá cún Đầu táo | D413: ='Thống kê'!I429 -> 2 | E413: 5 | F413: =E413*3600 -> 18000 | G413: =D413*F413 -> 36000
...

Sheet Thống kê GG
A1: Nhà Gói Gọn
A3: Mã | B3: Tên sản phẩm | C3: Giá sàn | D3: Nhập | E3: Tổng nhập | F3: Xuất | G3: Tổng xuất | H3: Tồn | I3: Lợi nhuận
A4: TCB01 | B4: Túi Xách Vải Chần Bông | C4: 99500 | D4: =+ SUMIF('Nhập xuất GG'!B:B, A4,'Nhập xuất GG'!E:E) -> 5 | F4: =+ SUMIF('Nhập xuất GG'!B:B, A4,'Nhập xuất GG'!H:H) -> 0 | H4: =D4-F4 -> 5
A5: TCB02 | B5: Túi Xách Vải Chần Bông | C5: 99500 | D5: =+ SUMIF('Nhập xuất GG'!B:B, A5,'Nhập xuất GG'!E:E) -> 5 | F5: =+ SUMIF('Nhập xuất GG'!B:B, A5,'Nhập xuất GG'!H:H) -> 0 | H5: =D5-F5 -> 5
A6: TCB03 | B6: Túi Xách Vải Chần Bông | C6: 99500 | D6: =+ SUMIF('Nhập xuất GG'!B:B, A6,'Nhập xuất GG'!E:E) -> 5 | F6: =+ SUMIF('Nhập xuất GG'!B:B, A6,'Nhập xuất GG'!H:H) -> 0 | H6: =D6-F6 -> 5
A7: TCB04 | B7: Túi Xách Vải Chần Bông | C7: 99500 | D7: =+ SUMIF('Nhập xuất GG'!B:B, A7,'Nhập xuất GG'!E:E) -> 5 | F7: =+ SUMIF('Nhập xuất GG'!B:B, A7,'Nhập xuất GG'!H:H) -> 0 | H7: =D7-F7 -> 5
A8: GGTK01 | B8: Túi Đựng Mắt Kính Da Pu | C8: 25000 | D8: =+ SUMIF('Nhập xuất GG'!B:B, A8,'Nhập xuất GG'!E:E) -> 35 | F8: =+ SUMIF('Nhập xuất GG'!B:B, A8,'Nhập xuất GG'!H:H) -> 0 | H8: =D8-F8 -> 35
A9: GGTK02 | B9: Túi Đựng Mắt Kính Da Pu | C9: 25000 | D9: =+ SUMIF('Nhập xuất GG'!B:B, A9,'Nhập xuất GG'!E:E) -> 35 | F9: =+ SUMIF('Nhập xuất GG'!B:B, A9,'Nhập xuất GG'!H:H) -> 0 | H9: =D9-F9 -> 35
A10: GGTK03 | B10: Túi Đựng Mắt Kính Da Pu | C10: 25000 | D10: =+ SUMIF('Nhập xuất GG'!B:B, A10,'Nhập xuất GG'!E:E) -> 35 | F10: =+ SUMIF('Nhập xuất GG'!B:B, A10,'Nhập xuất GG'!H:H) -> 0 | H10: =D10-F10 -> 35
A11: GGTK04 | B11: Túi Đựng Mắt Kính Da Pu | C11: 16000 | D11: =+ SUMIF('Nhập xuất GG'!B:B, A11,'Nhập xuất GG'!E:E) -> 30 | F11: =+ SUMIF('Nhập xuất GG'!B:B, A11,'Nhập xuất GG'!H:H) -> 0 | H11: =D11-F11 -> 30
A12: GGTK05 | B12: Túi Đựng Mắt Kính Da Pu | C12: 16000 | D12: =+ SUMIF('Nhập xuất GG'!B:B, A12,'Nhập xuất GG'!E:E) -> 30 | F12: =+ SUMIF('Nhập xuất GG'!B:B, A12,'Nhập xuất GG'!H:H) -> 0 | H12: =D12-F12 -> 30
A13: GGTK06 | B13: Túi Đựng Mắt Kính Da Pu | C13: 16000 | D13: =+ SUMIF('Nhập xuất GG'!B:B, A13,'Nhập xuất GG'!E:E) -> 20 | F13: =+ SUMIF('Nhập xuất GG'!B:B, A13,'Nhập xuất GG'!H:H) -> 0 | H13: =D13-F13 -> 20
A14: GGTK07 | B14: Túi Đựng Mắt Kính Da Pu | C14: 16000 | D14: =+ SUMIF('Nhập xuất GG'!B:B, A14,'Nhập xuất GG'!E:E) -> 20 | F14: =+ SUMIF('Nhập xuất GG'!B:B, A14,'Nhập xuất GG'!H:H) -> 0 | H14: =D14-F14 -> 20
A15: GGTK08 | B15: Túi Đựng Mắt Kính Da Pu | C15: 16000 | D15: =+ SUMIF('Nhập xuất GG'!B:B, A15,'Nhập xuất GG'!E:E) -> 20 | F15: =+ SUMIF('Nhập xuất GG'!B:B, A15,'Nhập xuất GG'!H:H) -> 0 | H15: =D15-F15 -> 20
... A34: TT02 | B34: Túi Tote Denim | C34: 119000 | D34: =+ SUMIF('Nhập xuất GG'!B:B, A34,'Nhập xuất GG'!E:E) -> 7 | F34: =+ SUMIF('Nhập xuất GG'!B:B, A34,'Nhập xuất GG'!H:H) -> 0 | H34: =D34-F34 -> 7
D35: =+ SUMIF('Nhập xuất GG'!B:B, A35,'Nhập xuất GG'!E:E) -> 0 | F35: =+ SUMIF('Nhập xuất GG'!B:B, A35,'Nhập xuất GG'!H:H) -> 0 | H35: =D35-F35 -> 0
D36: =+ SUMIF('Nhập xuất GG'!B:B, A36,'Nhập xuất GG'!E:E) -> 0 | F36: =+ SUMIF('Nhập xuất GG'!B:B, A36,'Nhập xuất GG'!H:H) -> 0 | H36: =D36-F36 -> 0
D37: =+ SUMIF('Nhập xuất GG'!B:B, A37,'Nhập xuất GG'!E:E) -> 0 | F37: =+ SUMIF('Nhập xuất GG'!B:B, A37,'Nhập xuất GG'!H:H) -> 0
A38: Mã | B38: Tên sản phẩm | C38: Giá sàn | D38: Nhập | E38: Tổng nhập | F38: Xuất | G38: Tổng xuất | H38: Tồn | I38: Lợi nhuận
A39: GNGX | B39: Gấu | C39: 45000
A40: CGX | B40: Cáo | C40: 45000
A41: GTGX | B41: Gấu trắng | C41: 45000
A42: TMBGX | B42: Thỏ phi công | C42: 45000
A43: TDVGX | B43: Thỏ đeo phao | C43: 45000
A44: TCXGX | B44: Thỏ chạy xe | C44: 45000
A45: TMTGX | B45: Thỏ mặt trăng | C45: 45000
A46: HCKLGX | B46: Heo kì lân | C46: 45000

Sheet Nhập xuất GG
A1: Gói Gọn 2025
D2: Nhập | G2: Xuất
A3: Ngày | B3: Mã hàng | C3: Tên quy cách | D3: Đơn giá | E3: Số lượng | F3: Tổng | G3: Đơn giá | H3: Số lượng | I3: Tổng | J3: =SUM(I4:I5495) -> 0
A4: 45709 | B4: TCB01 | C4: =VLOOKUP(B4,'Thống kê GG'!$A$3:$D$672,2,0) -> Túi Xách Vải Chần Bông | D4: 10.36 | E4: 5
B5: TCB02 | C5: =VLOOKUP(B5,'Thống kê GG'!$A$3:$D$672,2,0) -> Túi Xách Vải Chần Bông | D5: 10.36 | E5: 5
B6: TCB03 | C6: =VLOOKUP(B6,'Thống kê GG'!$A$3:$D$672,2,0) -> Túi Xách Vải Chần Bông | D6: 10.36 | E6: 5
B7: TCB04 | C7: =VLOOKUP(B7,'Thống kê GG'!$A$3:$D$672,2,0) -> Túi Xách Vải Chần Bông | D7: 10.36 | E7: 5
B8: GGTK04 | C8: =VLOOKUP(B8,'Thống kê GG'!$A$3:$D$672,2,0) -> Túi Đựng Mắt Kính Da Pu | D8: 1.6 | E8: 30
B9: GGTK05 | C9: =VLOOKUP(B9,'Thống kê GG'!$A$3:$D$672,2,0) -> Túi Đựng Mắt Kính Da Pu | D9: 1.6 | E9: 30
B10: GGTK06 | C10: =VLOOKUP(B10,'Thống kê GG'!$A$3:$D$672,2,0) -> Túi Đựng Mắt Kính Da Pu | D10: 1.6 | E10: 20
B11: GGTK07 | C11: =VLOOKUP(B11,'Thống kê GG'!$A$3:$D$672,2,0) -> Túi Đựng Mắt Kính Da Pu | D11: 1.6 | E11: 20
B12: GGTK08 | C12: =VLOOKUP(B12,'Thống kê GG'!$A$3:$D$672,2,0) -> Túi Đựng Mắt Kính Da Pu | D12: 1.6 | E12: 20
B13: GGTK09 | C13: =VLOOKUP(B13,'Thống kê GG'!$A$3:$D$672,2,0) -> Túi Đựng Mắt Kính Da Pu | D13: 1.6 | E13: 20
B14: GGTK01 | C14: =VLOOKUP(B14,'Thống kê GG'!$A$3:$D$672,2,0) -> Túi Đựng Mắt Kính Da Pu | D14: 2.84 | E14: 35
B15: GGTK02 | C15: =VLOOKUP(B15,'Thống kê GG'!$A$3:$D$672,2,0) -> Túi Đựng Mắt Kính Da Pu | D15: 2.84 | E15: 35
B16: GGTK03 | C16: =VLOOKUP(B16,'Thống kê GG'!$A$3:$D$672,2,0) -> Túi Đựng Mắt Kính Da Pu | D16: 2.84 | E16: 35
... B34: TT02 | C34: =VLOOKUP(B34,'Thống kê GG'!$A$3:$D$672,2,0) -> Túi Tote Denim | D34: 12.77 | E34: 7
C35: =VLOOKUP(B35,'Thống kê GG'!$A$3:$D$672,2,0) -> #N/A
C36: =VLOOKUP(B36,'Thống kê GG'!$A$3:$D$672,2,0) -> #N/A
C37: =VLOOKUP(B37,'Thống kê GG'!$A$3:$D$672,2,0) -> #N/A
C38: =VLOOKUP(B38,'Thống kê GG'!$A$3:$D$672,2,0) -> #N/A
C39: =VLOOKUP(B39,'Thống kê GG'!$A$3:$D$672,2,0) -> #N/A
C40: =VLOOKUP(B40,'Thống kê GG'!$A$3:$D$672,2,0) -> #N/A
C41: =VLOOKUP(B41,'Thống kê GG'!$A$3:$D$672,2,0) -> #N/A
C42: =VLOOKUP(B42,'Thống kê GG'!$A$3:$D$672,2,0) -> #N/A
C43: =VLOOKUP(B43,'Thống kê GG'!$A$3:$D$672,2,0) -> #N/A
C44: =VLOOKUP(B44,'Thống kê GG'!$A$3:$D$672,2,0) -> #N/A
C45: =VLOOKUP(B45,'Thống kê GG'!$A$3:$D$672,2,0) -> #N/A
C46: =VLOOKUP(B46,'Thống kê GG'!$A$3:$D$672,2,0) -> #N/A
... C60: =VLOOKUP(B60,'Thống kê GG'!$A$3:$D$672,2,0) -> #N/A

Sheet GIA HÂN
B1: DANH MỤC HÀNG HÓA
B2: STT | C2: Mã hàng | D2: Tên quy cách | E2: ĐVT | F2: Nhập | G2: Giá nhập | H2: Xuất | I2: Tồn | J2: Tổng doanh thu | K2: Doanh thu T4
A3: TÚI CHƯỜM BỤNG | B3: 1 | C3: TCB01 | D3: Túi chườm bụng trái bơ 1000ml | E3: túi | F3: =+ SUMIF('Nhập kho T42024'!B:B, C3,'Nhập kho T42024'!F:F) -> 4 | G3: =+ (SUMIF('Nhập kho T42024'!B:B, C3,'Nhập kho T42024'!G:G))*3500 -> 170240 | H3: =+ SUMIF('Doanh thu'!A:A, C3,'Doanh thu'!E:E) -> 4 | I3: =F3-H3 -> 0 | J3: =SUM(K3) -> 404600 | K3: =+ SUMIF('Doanh thu'!A:A, C3,'Doanh thu'!F:F) -> 404600
B4: 1 | C4: TCB01-500 | D4: Túi chườm bụng trái bơ 500ml | E4: túi | F4: =+ SUMIF('Nhập kho T42024'!B:B, C4,'Nhập kho T42024'!F:F) -> 6 | G4: =+ (SUMIF('Nhập kho T42024'!B:B, C4,'Nhập kho T42024'!G:G))*3500 -> 209965 | H4: =+ SUMIF('Doanh thu'!A:A, C4,'Doanh thu'!E:E) -> 6 | I4: =F4-H4+1 -> 1 | J4: =SUM(K4) -> 469200 | K4: =+ SUMIF('Doanh thu'!A:A, C4,'Doanh thu'!F:F) -> 469200
B5: 1 | C5: TCB02 | D5: Túi chườm bụng dâu (xanh) 1000ml | E5: túi | F5: =+ SUMIF('Nhập kho T42024'!B:B, C5,'Nhập kho T42024'!F:F) -> 4 | G5: =+ (SUMIF('Nhập kho T42024'!B:B, C5,'Nhập kho T42024'!G:G))*3500 -> 170240 | H5: =+ SUMIF('Doanh thu'!A:A, C5,'Doanh thu'!E:E) -> 7 | I5: =F5-H5+3 -> 0 | J5: =SUM(K5) -> 708050 | K5: =+ SUMIF('Doanh thu'!A:A, C5,'Doanh thu'!F:F) -> 708050
B6: 1 | C6: TCB02-500 | D6: Túi chườm bụng dâu (xanh) 500ml | E6: túi | F6: =+ SUMIF('Nhập kho T42024'!B:B, C6,'Nhập kho T42024'!F:F) -> 6 | G6: =+ (SUMIF('Nhập kho T42024'!B:B, C6,'Nhập kho T42024'!G:G))*3500 -> 209965 | H6: =+ SUMIF('Doanh thu'!A:A, C6,'Doanh thu'!E:E) -> 3 | I6: =F6-H6 -> 3 | J6: =SUM(K6) -> 234600 | K6: =+ SUMIF('Doanh thu'!A:A, C6,'Doanh thu'!F:F) -> 234600
B7: 1 | C7: TCB03 | D7: Túi chườm bụng dứa xanh đậm 1000ml | E7: túi | F7: =+ SUMIF('Nhập kho T42024'!B:B, C7,'Nhập kho T42024'!F:F) -> 3 | G7: =+ (SUMIF('Nhập kho T42024'!B:B, C7,'Nhập kho T42024'!G:G))*3500 -> 119385 | H7: =+ SUMIF('Doanh thu'!A:A, C7,'Doanh thu'!E:E) -> 7 | I7: =F7-H7+3 -> -1 | J7: =SUM(K7) -> 708050 | K7: =+ SUMIF('Doanh thu'!A:A, C7,'Doanh thu'!F:F) -> 708050
B8: 1 | C8: TCB03-500 | D8: Túi chườm bụng dứa xanh đậm 500ml | E8: túi | F8: =+ SUMIF('Nhập kho T42024'!B:B, C8,'Nhập kho T42024'!F:F) -> 6 | G8: =+ (SUMIF('Nhập kho T42024'!B:B, C8,'Nhập kho T42024'!G:G))*3500 -> 209965 | H8: =+ SUMIF('Doanh thu'!A:A, C8,'Doanh thu'!E:E) -> 0 | I8: =F8-H8 -> 6 | J8: =SUM(K8) -> 0 | K8: =+ SUMIF('Doanh thu'!A:A, C8,'Doanh thu'!F:F) -> 0
B9: 1 | C9: TCB04 | D9: Túi chườm bụng dâu xanh nhạt 1000ml | E9: túi | F9: =+ SUMIF('Nhập kho T42024'!B:B, C9,'Nhập kho T42024'!F:F) -> 5 | G9: =+ (SUMIF('Nhập kho T42024'!B:B, C9,'Nhập kho T42024'!G:G))*3500 -> 209685 | H9: =+ SUMIF('Doanh thu'!A:A, C9,'Doanh thu'!E:E) -> 9 | I9: =F9-H9+1 -> -3 | J9: =SUM(K9) -> 910350 | K9: =+ SUMIF('Doanh thu'!A:A, C9,'Doanh thu'!F:F) -> 910350
B10: 1 | C10: TCB04-500 | D10: Túi chườm bụng dâu xanh nhạt 500ml | E10: túi | F10: =+ SUMIF('Nhập kho T42024'!B:B, C10,'Nhập kho T42024'!F:F) -> 3 | G10: =+ (SUMIF('Nhập kho T42024'!B:B, C10,'Nhập kho T42024'!G:G))*3500 -> 107485 | H10: =+ SUMIF('Doanh thu'!A:A, C10,'Doanh thu'!E:E) -> 4 | I10: =F10-H10+3 -> 2 | J10: =SUM(K10) -> 312800 | K10: =+ SUMIF('Doanh thu'!A:A, C10,'Doanh thu'!F:F) -> 312800
B11: 1 | C11: TCB05 | D11: Túi chườm bụng thỏ dứa 1000ml | E11: túi | F11: =+ SUMIF('Nhập kho T42024'!B:B, C11,'Nhập kho T42024'!F:F) -> 5 | G11: =+ (SUMIF('Nhập kho T42024'!B:B, C11,'Nhập kho T42024'!G:G))*3500 -> 210735 | H11: =+ SUMIF('Doanh thu'!A:A, C11,'Doanh thu'!E:E) -> 4 | I11: =F11-H11-1 -> 0 | J11: =SUM(K11) -> 406000 | K11: =+ SUMIF('Doanh thu'!A:A, C11,'Doanh thu'!F:F) -> 406000
B12: 1 | C12: TCB05-500 | D12: Túi chườm bụng thỏ dứa 500ml | E12: túi | F12: =+ SUMIF('Nhập kho T42024'!B:B, C12,'Nhập kho T42024'!F:F) -> 5 | G12: =+ (SUMIF('Nhập kho T42024'!B:B, C12,'Nhập kho T42024'!G:G))*3500 -> 169925 | H12: =+ SUMIF('Doanh thu'!A:A, C12,'Doanh thu'!E:E) -> 2 | I12: =F12-H12+1 -> 4 | J12: =SUM(K12) -> 156400 | K12: =+ SUMIF('Doanh thu'!A:A, C12,'Doanh thu'!F:F) -> 156400
B13: 1 | C13: TCB11 | D13: Túi chườm bụng trái bơ 500ml | E13: túi | F13: =+ SUMIF('Nhập kho T42024'!B:B, C13,'Nhập kho T42024'!F:F) -> 0 | G13: =+ (SUMIF('Nhập kho T42024'!B:B, C13,'Nhập kho T42024'!G:G))*3500 -> 0 | H13: =+ SUMIF('Doanh thu'!A:A, C13,'Doanh thu'!E:E) -> 0 | I13: =F13-H13 -> 0 | J13: =SUM(K13) -> 0 | K13: =+ SUMIF('Doanh thu'!A:A, C13,'Doanh thu'!F:F) -> 0
B14: 1 | C14: TCB12 | D14: Túi chườm bụng dâu tây 500ml | E14: túi | F14: =+ SUMIF('Nhập kho T42024'!B:B, C14,'Nhập kho T42024'!F:F) -> 0 | G14: =+ (SUMIF('Nhập kho T42024'!B:B, C14,'Nhập kho T42024'!G:G))*3500 -> 0 | H14: =+ SUMIF('Doanh thu'!A:A, C14,'Doanh thu'!E:E) -> 0 | I14: =F14-H14 -> 0 | J14: =SUM(K14) -> 0 | K14: =+ SUMIF('Doanh thu'!A:A, C14,'Doanh thu'!F:F) -> 0
B15: 1 | C15: TCB13 | D15: Túi chườm bụng dứa xanh đậm 500ml | E15: túi | F15: =+ SUMIF('Nhập kho T42024'!B:B, C15,'Nhập kho T42024'!F:F) -> 0 | G15: =+ (SUMIF('Nhập kho T42024'!B:B, C15,'Nhập kho T42024'!G:G))*3500 -> 0 | H15: =+ SUMIF('Doanh thu'!A:A, C15,'Doanh thu'!E:E) -> 0 | I15: =F15-H15 -> 0 | J15: =SUM(K15) -> 0 | K15: =+ SUMIF('Doanh thu'!A:A, C15,'Doanh thu'!F:F) -> 0
B16: 1 | C16: TCB14 | D16: Túi chườm bụng dâu xanh nhạt 500ml | E16: túi | F16: =+ SUMIF('Nhập kho T42024'!B:B, C16,'Nhập kho T42024'!F:F) -> 0 | G16: =+ (SUMIF('Nhập kho T42024'!B:B, C16,'Nhập kho T42024'!G:G))*3500 -> 0 | H16: =+ SUMIF('Doanh thu'!A:A, C16,'Doanh thu'!E:E) -> 0 | I16: =F16-H16 -> 0 | J16: =SUM(K16) -> 0 | K16: =+ SUMIF('Doanh thu'!A:A, C16,'Doanh thu'!F:F) -> 0
B17: 1 | C17: TCB15 | D17: Túi chườm bụng thỏ dứa 500ml | E17: túi | F17: =+ SUMIF('Nhập kho T42024'!B:B, C17,'Nhập kho T42024'!F:F) -> 0 | G17: =+ (SUMIF('Nhập kho T42024'!B:B, C17,'Nhập kho T42024'!G:G))*3500 -> 0 | H17: =+ SUMIF('Doanh thu'!A:A, C17,'Doanh thu'!E:E) -> 0 | I17: =F17-H17 -> 0 | J17: =SUM(K17) -> 0 | K17: =+ SUMIF('Doanh thu'!A:A, C17,'Doanh thu'!F:F) -> 0
B18: 1 | C18: TCB16 | D18: Túi chườm bụng gấu nâu 500ml | E18: túi | F18: =+ SUMIF('Nhập kho T42024'!B:B, C18,'Nhập kho T42024'!F:F) -> 0 | G18: =+ (SUMIF('Nhập kho T42024'!B:B, C18,'Nhập kho T42024'!G:G))*3500 -> 0 | H18: =+ SUMIF('Doanh thu'!A:A, C18,'Doanh thu'!E:E) -> 8 | I18: =F18-H18+8 -> 0 | J18: =SUM(K18) -> 578000 | K18: =+ SUMIF('Doanh thu'!A:A, C18,'Doanh thu'!F:F) -> 578000
B19: 1 | C19: TCB17 | D19: Túi chườm bụng vịt vàng 500ml | E19: túi | F19: =+ SUMIF('Nhập kho T42024'!B:B, C19,'Nhập kho T42024'!F:F) -> 0 | G19: =+ (SUMIF('Nhập kho T42024'!B:B, C19,'Nhập kho T42024'!G:G))*3500 -> 0 | H19: =+ SUMIF('Doanh thu'!A:A, C19,'Doanh thu'!E:E) -> 5 | I19: =F19-H19+6 -> 1 | J19: =SUM(K19) -> 361250 | K19: =+ SUMIF('Doanh thu'!A:A, C19,'Doanh thu'!F:F) -> 361250
B20: 1 | C20: TCB18 | D20: Túi chườm bụng thỏ hồng 500ml | E20: túi | F20: =+ SUMIF('Nhập kho T42024'!B:B, C20,'Nhập kho T42024'!F:F) -> 0 | G20: =+ (SUMIF('Nhập kho T42024'!B:B, C20,'Nhập kho T42024'!G:G))*3500 -> 0 | H20: =+ SUMIF('Doanh thu'!A:A, C20,'Doanh thu'!E:E) -> 9 | I20: =F20-H20+9 -> 0 | J20: =SUM(K20) -> 650250 | K20: =+ SUMIF('Doanh thu'!A:A, C20,'Doanh thu'!F:F) -> 650250
B21: 1 | C21: TCB19 | D21: Túi chườm bụng mèo be 500ml | E21: túi | F21: =+ SUMIF('Nhập kho T42024'!B:B, C21,'Nhập kho T42024'!F:F) -> 0 | G21: =+ (SUMIF('Nhập kho T42024'!B:B, C21,'Nhập kho T42024'!G:G))*3500 -> 0 | H21: =+ SUMIF('Doanh thu'!A:A, C21,'Doanh thu'!E:E) -> 0 | I21: =F21-H21 -> 0 | J21: =SUM(K21) -> 0 | K21: =+ SUMIF('Doanh thu'!A:A, C21,'Doanh thu'!F:F) -> 0
A22: BAO LÌ XÌ | B22: 1 | C22: LX01 | D22: Bao lì xì rồng con | E22: túi 4 cái | F22: =+ SUMIF('Nhập kho T42024'!B:B, C22,'Nhập kho T42024'!F:F) -> 70 | G22: =+ (SUMIF('Nhập kho T42024'!B:B, C22,'Nhập kho T42024'!G:G))*3500 -> 0 | H22: =+ SUMIF('Doanh thu'!A:A, C22,'Doanh thu'!E:E) -> 1 | I22: =F22-H22 -> 69 | J22: =SUM(K22) -> 14500 | K22: =+ SUMIF('Doanh thu'!A:A, C22,'Doanh thu'!F:F) -> 14500
B23: 1 | C23: LX02 | D23: Bao lì xì rồng lân | E23: túi 4 cái | F23: =+ SUMIF('Nhập kho T42024'!B:B, C23,'Nhập kho T42024'!F:F) -> 70 | G23: =+ (SUMIF('Nhập kho T42024'!B:B, C23,'Nhập kho T42024'!G:G))*3500 -> 0 | H23: =+ SUMIF('Doanh thu'!A:A, C23,'Doanh thu'!E:E) -> 6 | I23: =F23-H23 -> 64 | J23: =SUM(K23) -> 87000 | K23: =+ SUMIF('Doanh thu'!A:A, C23,'Doanh thu'!F:F) -> 87000
B24: 1 | C24: LX03 | D24: Bao lì xì Tết tài lộc | E24: set 6 cái | F24: =+ SUMIF('Nhập kho T42024'!B:B, C24,'Nhập kho T42024'!F:F) -> 150 | G24: =+ (SUMIF('Nhập kho T42024'!B:B, C24,'Nhập kho T42024'!G:G))*3500 -> 0 | H24: =+ SUMIF('Doanh thu'!A:A, C24,'Doanh thu'!E:E) -> 14 | I24: =F24-H24 -> 136 | J24: =SUM(K24) -> 203000 | K24: =+ SUMIF('Doanh thu'!A:A, C24,'Doanh thu'!F:F) -> 203000
B25: 1 | C25: LX04 | D25: Bao lì xì Tết hoa | E25: set 6 cái | F25: =+ SUMIF('Nhập kho T42024'!B:B, C25,'Nhập kho T42024'!F:F) -> 130 | G25: =+ (SUMIF('Nhập kho T42024'!B:B, C25,'Nhập kho T42024'!G:G))*3500 -> 0 | H25: =+ SUMIF('Doanh thu'!A:A, C25,'Doanh thu'!E:E) -> 2 | I25: =F25-H25 -> 128 | J25: =SUM(K25) -> 29000 | K25: =+ SUMIF('Doanh thu'!A:A, C25,'Doanh thu'!F:F) -> 29000
B26: 1 | C26: LX05 | D26: Bao lì xì Tết xanh | E26: set 6 cái | F26: =+ SUMIF('Nhập kho T42024'!B:B, C26,'Nhập kho T42024'!F:F) -> 110 | G26: =+ (SUMIF('Nhập kho T42024'!B:B, C26,'Nhập kho T42024'!G:G))*3500 -> 0 | H26: =+ SUMIF('Doanh thu'!A:A, C26,'Doanh thu'!E:E) -> 4 | I26: =F26-H26 -> 106 | J26: =SUM(K26) -> 58000 | K26: =+ SUMIF('Doanh thu'!A:A, C26,'Doanh thu'!F:F) -> 58000
B27: 1 | C27: LX06 | D27: Bao lì xì vui vẻ | E27: set 6 cái | F27: =+ SUMIF('Nhập kho T42024'!B:B, C27,'Nhập kho T42024'!F:F) -> 70 | G27: =+ (SUMIF('Nhập kho T42024'!B:B, C27,'Nhập kho T42024'!G:G))*3500 -> 0 | H27: =+ SUMIF('Doanh thu'!A:A, C27,'Doanh thu'!E:E) -> 8 | I27: =F27-H27 -> 62 | J27: =SUM(K27) -> 116000 | K27: =+ SUMIF('Doanh thu'!A:A, C27,'Doanh thu'!F:F) -> 116000
B28: 1 | C28: LX07 | D28: Bao lì xì ngộ nghĩnh | E28: set 6 cái | F28: =+ SUMIF('Nhập kho T42024'!B:B, C28,'Nhập kho T42024'!F:F) -> 92 | G28: =+ (SUMIF('Nhập kho T42024'!B:B, C28,'Nhập kho T42024'!G:G))*3500 -> 0 | H28: =+ SUMIF('Doanh thu'!A:A, C28,'Doanh thu'!E:E) -> 0 | I28: =F28-H28 -> 92 | J28: =SUM(K28) -> 0 | K28: =+ SUMIF('Doanh thu'!A:A, C28,'Doanh thu'!F:F) -> 0
A29: PHỤ KIỆN THỜI TRANG | B29: 1 | C29: CA01 | D29: Cài áo hoa hồng đen | E29: cái | F29: =+ SUMIF('Nhập kho T42024'!B:B, C29,'Nhập kho T42024'!F:F) -> 0 | G29: =+ (SUMIF('Nhập kho T42024'!B:B, C29,'Nhập kho T42024'!G:G))*3500 -> 0 | H29: =+ SUMIF('Doanh thu'!A:A, C29,'Doanh thu'!E:E) -> 0 | I29: =F29-H29+3 -> 3 | J29: =SUM(K29) -> 0 | K29: =+ SUMIF('Doanh thu'!A:A, C29,'Doanh thu'!F:F) -> 0
B30: 1 | C30: CA02 | D30: Cài áo hoa hồng đỏ | E30: cái | F30: =+ SUMIF('Nhập kho T42024'!B:B, C30,'Nhập kho T42024'!F:F) -> 0 | G30: =+ (SUMIF('Nhập kho T42024'!B:B, C30,'Nhập kho T42024'!G:G))*3500 -> 0 | H30: =+ SUMIF('Doanh thu'!A:A, C30,'Doanh thu'!E:E) -> 0 | I30: =F30-H30+3 -> 3 | J30: =SUM(K30) -> 0 | K30: =+ SUMIF('Doanh thu'!A:A, C30,'Doanh thu'!F:F) -> 0
B31: 1 | C31: CA03 | D31: Cài áo hoa hồng xanh có ngọc trai | E31: cái | F31: =+ SUMIF('Nhập kho T42024'!B:B, C31,'Nhập kho T42024'!F:F) -> 0 | G31: =+ (SUMIF('Nhập kho T42024'!B:B, C31,'Nhập kho T42024'!G:G))*3500 -> 0 | H31: =+ SUMIF('Doanh thu'!A:A, C31,'Doanh thu'!E:E) -> 2 | I31: =F31-H31+2 -> 0 | J31: =SUM(K31) -> 49800 | K31: =+ SUMIF('Doanh thu'!A:A, C31,'Doanh thu'!F:F) -> 49800
B32: 1 | C32: CA04 | D32: Cài áo hoa hồng trắng có ngọc trai | E32: cái | F32: =+ SUMIF('Nhập kho T42024'!B:B, C32,'Nhập kho T42024'!F:F) -> 0 | G32: =+ (SUMIF('Nhập kho T42024'!B:B, C32,'Nhập kho T42024'!G:G))*3500 -> 0 | H32: =+ SUMIF('Doanh thu'!A:A, C32,'Doanh thu'!E:E) -> 1 | I32: =F32-H32+3 -> 2 | J32: =SUM(K32) -> 24900 | K32: =+ SUMIF('Doanh thu'!A:A, C32,'Doanh thu'!F:F) -> 24900
B33: 1 | C33: CA05 | D33: Cài áo ngọc trai bướm vàng | E33: cái | F33: =+ SUMIF('Nhập kho T42024'!B:B, C33,'Nhập kho T42024'!F:F) -> 0 | G33: =+ (SUMIF('Nhập kho T42024'!B:B, C33,'Nhập kho T42024'!G:G))*3500 -> 0 | H33: =+ SUMIF('Doanh thu'!A:A, C33,'Doanh thu'!E:E) -> 1 | I33: =F33-H33+3 -> 2 | J33: =SUM(K33) -> 23900 | K33: =+ SUMIF('Doanh thu'!A:A, C33,'Doanh thu'!F:F) -> 23900
B34: 1 | C34: CA06 | D34: Cài áo ngọc trai bướm bạc | E34: cái | F34: =+ SUMIF('Nhập kho T42024'!B:B, C34,'Nhập kho T42024'!F:F) -> 0 | G34: =+ (SUMIF('Nhập kho T42024'!B:B, C34,'Nhập kho T42024'!G:G))*3500 -> 0 | H34: =+ SUMIF('Doanh thu'!A:A, C34,'Doanh thu'!E:E) -> 0 | I34: =F34-H34+3 -> 3 | J34: =SUM(K34) -> 0 | K34: =+ SUMIF('Doanh thu'!A:A, C34,'Doanh thu'!F:F) -> 0
B35: 1 | C35: CA07 | D35: Cài áo tulip | E35: cái | F35: =+ SUMIF('Nhập kho T42024'!B:B, C35,'Nhập kho T42024'!F:F) -> 0 | G35: =+ (SUMIF('Nhập kho T42024'!B:B, C35,'Nhập kho T42024'!G:G))*3500 -> 0 | H35: =+ SUMIF('Doanh thu'!A:A, C35,'Doanh thu'!E:E) -> 0 | I35: =F35-H35 -> 0 | J35: =SUM(K35) -> 0 | K35: =+ SUMIF('Doanh thu'!A:A, C35,'Doanh thu'!F:F) -> 0
B36: 1 | C36: CA08 | D36: Cài áo lúa | E36: cái | F36: =+ SUMIF('Nhập kho T42024'!B:B, C36,'Nhập kho T42024'!F:F) -> 0 | G36: =+ (SUMIF('Nhập kho T42024'!B:B, C36,'Nhập kho T42024'!G:G))*3500 -> 0 | H36: =+ SUMIF('Doanh thu'!A:A, C36,'Doanh thu'!E:E) -> 0 | I36: =F36-H36 -> 0 | J36: =SUM(K36) -> 0 | K36: =+ SUMIF('Doanh thu'!A:A, C36,'Doanh thu'!F:F) -> 0
B37: 1 | C37: CA09 | D37: Cài áo xương rồng | E37: cái | F37: =+ SUMIF('Nhập kho T42024'!B:B, C37,'Nhập kho T42024'!F:F) -> 0 | G37: =+ (SUMIF('Nhập kho T42024'!B:B, C37,'Nhập kho T42024'!G:G))*3500 -> 0 | H37: =+ SUMIF('Doanh thu'!A:A, C37,'Doanh thu'!E:E) -> 0 | I37: =F37-H37+2 -> 2 | J37: =SUM(K37) -> 0 | K37: =+ SUMIF('Doanh thu'!A:A, C37,'Doanh thu'!F:F) -> 0
B38: 1 | C38: CA10 | D38: Cài áo trái tim vàng | E38: cái | F38: =+ SUMIF('Nhập kho T42024'!B:B, C38,'Nhập kho T42024'!F:F) -> 0 | G38: =+ (SUMIF('Nhập kho T42024'!B:B, C38,'Nhập kho T42024'!G:G))*3500 -> 0 | H38: =+ SUMIF('Doanh thu'!A:A, C38,'Doanh thu'!E:E) -> 0 | I38: =F38-H38+3 -> 3 | J38: =SUM(K38) -> 0 | K38: =+ SUMIF('Doanh thu'!A:A, C38,'Doanh thu'!F:F) -> 0
B39: 1 | C39: CA11 | D39: Cài áo trái tim bạc | E39: cái | F39: =+ SUMIF('Nhập kho T42024'!B:B, C39,'Nhập kho T42024'!F:F) -> 0 | G39: =+ (SUMIF('Nhập kho T42024'!B:B, C39,'Nhập kho T42024'!G:G))*3500 -> 0 | H39: =+ SUMIF('Doanh thu'!A:A, C39,'Doanh thu'!E:E) -> 1 | I39: =F39-H39+2 -> 1 | J39: =SUM(K39) -> 22900 | K39: =+ SUMIF('Doanh thu'!A:A, C39,'Doanh thu'!F:F) -> 22900
B40: 1 | C40: CA12 | D40: Cài áo kính vàng | E40: cái | F40: =+ SUMIF('Nhập kho T42024'!B:B, C40,'Nhập kho T42024'!F:F) -> 0 | G40: =+ (SUMIF('Nhập kho T42024'!B:B, C40,'Nhập kho T42024'!G:G))*3500 -> 0 | H40: =+ SUMIF('Doanh thu'!A:A, C40,'Doanh thu'!E:E) -> 2 | I40: =F40-H40+2 -> 0 | J40: =SUM(K40) -> 26500 | K40: =+ SUMIF('Doanh thu'!A:A, C40,'Doanh thu'!F:F) -> 26500
B41: 1 | C41: CA13 | D41: Cài áo kính bạc | E41: cái | F41: =+ SUMIF('Nhập kho T42024'!B:B, C41,'Nhập kho T42024'!F:F) -> 0 | G41: =+ (SUMIF('Nhập kho T42024'!B:B, C41,'Nhập kho T42024'!G:G))*3500 -> 0 | H41: =+ SUMIF('Doanh thu'!A:A, C41,'Doanh thu'!E:E) -> 2 | I41: =F41-H41+2 -> 0 | J41: =SUM(K41) -> 25000 | K41: =+ SUMIF('Doanh thu'!A:A, C41,'Doanh thu'!F:F) -> 25000
B42: 1 | C42: CA14 | D42: Cài áo ong | E42: cái | F42: =+ SUMIF('Nhập kho T42024'!B:B, C42,'Nhập kho T42024'!F:F) -> 0 | G42: =+ (SUMIF('Nhập kho T42024'!B:B, C42,'Nhập kho T42024'!G:G))*3500 -> 0 | H42: =+ SUMIF('Doanh thu'!A:A, C42,'Doanh thu'!E:E) -> 1 | I42: =F42-H42+2 -> 1 | J42: =SUM(K42) -> 34900 | K42: =+ SUMIF('Doanh thu'!A:A, C42,'Doanh thu'!F:F) -> 34900
A43: PHỤ KIỆN TÓC | B43: 1 | C43: TC01 | D43: Trâm cài gỗ nâu trơn | E43: cái | F43: =+ SUMIF('Nhập kho T42024'!B:B, C43,'Nhập kho T42024'!F:F) -> 0 | G43: =+ (SUMIF('Nhập kho T42024'!B:B, C43,'Nhập kho T42024'!G:G))*3500 -> 0 | H43: =+ SUMIF('Doanh thu'!A:A, C43,'Doanh thu'!E:E) -> 0 | I43: =F43-H43 -> 0 | J43: =SUM(K43) -> 0 | K43: =+ SUMIF('Doanh thu'!A:A, C43,'Doanh thu'!F:F) -> 0
B44: 1 | C44: TC02 | D44: Trâm cài hoa xanh | E44: cái | F44: =+ SUMIF('Nhập kho T42024'!B:B, C44,'Nhập kho T42024'!F:F) -> 0 | G44: =+ (SUMIF('Nhập kho T42024'!B:B, C44,'Nhập kho T42024'!G:G))*3500 -> 0 | H44: =+ SUMIF('Doanh thu'!A:A, C44,'Doanh thu'!E:E) -> 0 | I44: =F44-H44 -> 0 | J44: =SUM(K44) -> 0 | K44: =+ SUMIF('Doanh thu'!A:A, C44,'Doanh thu'!F:F) -> 0
B45: 1 | C45: TC03 | D45: Trâm cài hoa trắng | E45: cái | F45: =+ SUMIF('Nhập kho T42024'!B:B, C45,'Nhập kho T42024'!F:F) -> 0 | G45: =+ (SUMIF('Nhập kho T42024'!B:B, C45,'Nhập kho T42024'!G:G))*3500 -> 0 | H45: =+ SUMIF('Doanh thu'!A:A, C45,'Doanh thu'!E:E) -> 0 | I45: =F45-H45 -> 0 | J45: =SUM(K45) -> 0 | K45: =+ SUMIF('Doanh thu'!A:A, C45,'Doanh thu'!F:F) -> 0
B46: 1 | C46: TC04 | D46: Trâm cài hoa hồng | E46: cái | F46: =+ SUMIF('Nhập kho T42024'!B:B, C46,'Nhập kho T42024'!F:F) -> 0 | G46: =+ (SUMIF('Nhập kho T42024'!B:B, C46,'Nhập kho T42024'!G:G))*3500 -> 0 | H46: =+ SUMIF('Doanh thu'!A:A, C46,'Doanh thu'!E:E) -> 0 | I46: =F46-H46 -> 0 | J46: =SUM(K46) -> 0 | K46: =+ SUMIF('Doanh thu'!A:A, C46,'Doanh thu'!F:F) -> 0
B47: 1 | C47: TC05 | D47: Trâm cài gỗ nâu có họa tiết | E47: cái | F47: =+ SUMIF('Nhập kho T42024'!B:B, C47,'Nhập kho T42024'!F:F) -> 0 | G47: =+ (SUMIF('Nhập kho T42024'!B:B, C47,'Nhập kho T42024'!G:G))*3500 -> 0 | H47: =+ SUMIF('Doanh thu'!A:A, C47,'Doanh thu'!E:E) -> 0 | I47: =F47-H47 -> 0 | J47: =SUM(K47) -> 0 | K47: =+ SUMIF('Doanh thu'!A:A, C47,'Doanh thu'!F:F) -> 0
B48: 1 | C48: TC001 | D48: Trâm cài 01 | E48: cây | F48: =+ SUMIF('Nhập kho T42024'!B:B, C48,'Nhập kho T42024'!F:F) -> 0 | G48: =+ (SUMIF('Nhập kho T42024'!B:B, C48,'Nhập kho T42024'!G:G))*3500 -> 0 | H48: =+ SUMIF('Doanh thu'!A:A, C48,'Doanh thu'!E:E) -> 0 | I48: =F48-H48+1 -> 1 | J48: =SUM(K48) -> 0 | K48: =+ SUMIF('Doanh thu'!A:A, C48,'Doanh thu'!F:F) -> 0
B49: 1 | C49: TC002 | D49: Trâm cài 02 | E49: cây | F49: =+ SUMIF('Nhập kho T42024'!B:B, C49,'Nhập kho T42024'!F:F) -> 0 | G49: =+ (SUMIF('Nhập kho T42024'!B:B, C49,'Nhập kho T42024'!G:G))*3500 -> 0 | H49: =+ SUMIF('Doanh thu'!A:A, C49,'Doanh thu'!E:E) -> 6 | I49: =F49-H49+8 -> 2 | J49: =SUM(K49) -> 182160 | K49: =+ SUMIF('Doanh thu'!A:A, C49,'Doanh thu'!F:F) -> 182160
B50: 1 | C50: TC003 | D50: Trâm cài 03 | E50: cây | F50: =+ SUMIF('Nhập kho T42024'!B:B, C50,'Nhập kho T42024'!F:F) -> 0 | G50: =+ (SUMIF('Nhập kho T42024'!B:B, C50,'Nhập kho T42024'!G:G))*3500 -> 0 | H50: =+ SUMIF('Doanh thu'!A:A, C50,'Doanh thu'!E:E) -> 2 | I50: =F50-H50+8 -> 6 | J50: =SUM(K50) -> 64400 | K50: =+ SUMIF('Doanh thu'!A:A, C50,'Doanh thu'!F:F) -> 64400
B51: 1 | C51: TC004 | D51: Trâm cài 04 | E51: cây | F51: =+ SUMIF('Nhập kho T42024'!B:B, C51,'Nhập kho T42024'!F:F) -> 0 | G51: =+ (SUMIF('Nhập kho T42024'!B:B, C51,'Nhập kho T42024'!G:G))*3500 -> 0 | H51: =+ SUMIF('Doanh thu'!A:A, C51,'Doanh thu'!E:E) -> 6 | I51: =F51-H51+6 -> 0 | J51: =SUM(K51) -> 66240 | K51: =+ SUMIF('Doanh thu'!A:A, C51,'Doanh thu'!F:F) -> 66240
B52: 1 | C52: TC005 | D52: Trâm cài 05 | E52: cây | F52: =+ SUMIF('Nhập kho T42024'!B:B, C52,'Nhập kho T42024'!F:F) -> 0 | G52: =+ (SUMIF('Nhập kho T42024'!B:B, C52,'Nhập kho T42024'!G:G))*3500 -> 0 | H52: =+ SUMIF('Doanh thu'!A:A, C52,'Doanh thu'!E:E) -> 0 | I52: =F52-H52 -> 0 | J52: =SUM(K52) -> 0 | K52: =+ SUMIF('Doanh thu'!A:A, C52,'Doanh thu'!F:F) -> 0
B53: 1 | C53: TC006 | D53: Trâm cài 06 | E53: cây | F53: =+ SUMIF('Nhập kho T42024'!B:B, C53,'Nhập kho T42024'!F:F) -> 0 | G53: =+ (SUMIF('Nhập kho T42024'!B:B, C53,'Nhập kho T42024'!G:G))*3500 -> 0 | H53: =+ SUMIF('Doanh thu'!A:A, C53,'Doanh thu'!E:E) -> 3 | I53: =F53-H53+11 -> 8 | J53: =SUM(K53) -> 38202.6 | K53: =+ SUMIF('Doanh thu'!A:A, C53,'Doanh thu'!F:F) -> 38202.6
B54: 1 | C54: TC007 | D54: Trâm cài 07 | E54: cây | F54: =+ SUMIF('Nhập kho T42024'!B:B, C54,'Nhập kho T42024'!F:F) -> 0 | G54: =+ (SUMIF('Nhập kho T42024'!B:B, C54,'Nhập kho T42024'!G:G))*3500 -> 0 | H54: =+ SUMIF('Doanh thu'!A:A, C54,'Doanh thu'!E:E) -> 2 | I54: =F54-H54+10 -> 8 | J54: =SUM(K54) -> 44160 | K54: =+ SUMIF('Doanh thu'!A:A, C54,'Doanh thu'!F:F) -> 44160
B55: 1 | C55: TC008 | D55: Trâm cài 08 | E55: cây | F55: =+ SUMIF('Nhập kho T42024'!B:B, C55,'Nhập kho T42024'!F:F) -> 0 | G55: =+ (SUMIF('Nhập kho T42024'!B:B, C55,'Nhập kho T42024'!G:G))*3500 -> 0 | H55: =+ SUMIF('Doanh thu'!A:A, C55,'Doanh thu'!E:E) -> 1 | I55: =F55-H55+4 -> 3 | J55: =SUM(K55) -> 52440 | K55: =+ SUMIF('Doanh thu'!A:A, C55,'Doanh thu'!F:F) -> 52440
B56: 1 | C56: TC009 | D56: Trâm cài 09 | E56: cây | F56: =+ SUMIF('Nhập kho T42024'!B:B, C56,'Nhập kho T42024'!F:F) -> 0 | G56: =+ (SUMIF('Nhập kho T42024'!B:B, C56,'Nhập kho T42024'!G:G))*3500 -> 0 | H56: =+ SUMIF('Doanh thu'!A:A, C56,'Doanh thu'!E:E) -> 6 | I56: =F56-H56+12 -> 6 | J56: =SUM(K56) -> 171120 | K56: =+ SUMIF('Doanh thu'!A:A, C56,'Doanh thu'!F:F) -> 171120
B57: 1 | C57: TC010 | D57: Trâm cài 10 | E57: cây | F57: =+ SUMIF('Nhập kho T42024'!B:B, C57,'Nhập kho T42024'!F:F) -> 0 | G57: =+ (SUMIF('Nhập kho T42024'!B:B, C57,'Nhập kho T42024'!G:G))*3500 -> 0 | H57: =+ SUMIF('Doanh thu'!A:A, C57,'Doanh thu'!E:E) -> 2 | I57: =F57-H57+13 -> 11 | J57: =SUM(K57) -> 19762 | K57: =+ SUMIF('Doanh thu'!A:A, C57,'Doanh thu'!F:F) -> 19762
B58: 1 | C58: TC011 | D58: Trâm cài 11 | E58: cây | F58: =+ SUMIF('Nhập kho T42024'!B:B, C58,'Nhập kho T42024'!F:F) -> 0 | G58: =+ (SUMIF('Nhập kho T42024'!B:B, C58,'Nhập kho T42024'!G:G))*3500 -> 0 | H58: =+ SUMIF('Doanh thu'!A:A, C58,'Doanh thu'!E:E) -> 4 | I58: =F58-H58+6 -> 2 | J58: =SUM(K58) -> 128800 | K58: =+ SUMIF('Doanh thu'!A:A, C58,'Doanh thu'!F:F) -> 128800
B59: 1 | C59: TC012 | D59: Trâm cài 12 | E59: cây | F59: =+ SUMIF('Nhập kho T42024'!B:B, C59,'Nhập kho T42024'!F:F) -> 0 | G59: =+ (SUMIF('Nhập kho T42024'!B:B, C59,'Nhập kho T42024'!G:G))*3500 -> 0 | H59: =+ SUMIF('Doanh thu'!A:A, C59,'Doanh thu'!E:E) -> 0 | I59: =F59-H59 -> 0 | J59: =SUM(K59) -> 0 | K59: =+ SUMIF('Doanh thu'!A:A, C59,'Doanh thu'!F:F) -> 0
B60: 1 | C60: TC013 | D60: Trâm cài 13 | E60: cây | F60: =+ SUMIF('Nhập kho T42024'!B:B, C60,'Nhập kho T42024'!F:F) -> 0 | G60: =+ (SUMIF('Nhập kho T42024'!B:B, C60,'Nhập kho T42024'!G:G))*3500 -> 0 | H60: =+ SUMIF('Doanh thu'!A:A, C60,'Doanh thu'!E:E) -> 0 | I60: =F60-H60 -> 0 | J60: =SUM(K60) -> 0 | K60: =+ SUMIF('Doanh thu'!A:A, C60,'Doanh thu'!F:F) -> 0
B61: 1 | C61: TC014 | D61: Trâm cài 14 | E61: cây | F61: =+ SUMIF('Nhập kho T42024'!B:B, C61,'Nhập kho T42024'!F:F) -> 0 | G61: =+ (SUMIF('Nhập kho T42024'!B:B, C61,'Nhập kho T42024'!G:G))*3500 -> 0 | H61: =+ SUMIF('Doanh thu'!A:A, C61,'Doanh thu'!E:E) -> 0 | I61: =F61-H61 -> 0 | J61: =SUM(K61) -> 0 | K61: =+ SUMIF('Doanh thu'!A:A, C61,'Doanh thu'!F:F) -> 0
B62: 1 | C62: TC015 | D62: Trâm cài 15 | E62: cây | F62: =+ SUMIF('Nhập kho T42024'!B:B, C62,'Nhập kho T42024'!F:F) -> 0 | G62: =+ (SUMIF('Nhập kho T42024'!B:B, C62,'Nhập kho T42024'!G:G))*3500 -> 0 | H62: =+ SUMIF('Doanh thu'!A:A, C62,'Doanh thu'!E:E) -> 0 | I62: =F62-H62 -> 0 | J62: =SUM(K62) -> 0 | K62: =+ SUMIF('Doanh thu'!A:A, C62,'Doanh thu'!F:F) -> 0
B63: 1 | C63: TC016 | D63: Trâm cài 16 | E63: cây | F63: =+ SUMIF('Nhập kho T42024'!B:B, C63,'Nhập kho T42024'!F:F) -> 0 | G63: =+ (SUMIF('Nhập kho T42024'!B:B, C63,'Nhập kho T42024'!G:G))*3500 -> 0 | H63: =+ SUMIF('Doanh thu'!A:A, C63,'Doanh thu'!E:E) -> 0 | I63: =F63-H63+4 -> 4 | J63: =SUM(K63) -> 0 | K63: =+ SUMIF('Doanh thu'!A:A, C63,'Doanh thu'!F:F) -> 0
B64: 1 | C64: TC017 | D64: Trâm cài 17 | E64: cây | F64: =+ SUMIF('Nhập kho T42024'!B:B, C64,'Nhập kho T42024'!F:F) -> 0 | G64: =+ (SUMIF('Nhập kho T42024'!B:B, C64,'Nhập kho T42024'!G:G))*3500 -> 0 | H64: =+ SUMIF('Doanh thu'!A:A, C64,'Doanh thu'!E:E) -> 0 | I64: =F64-H64 -> 0 | J64: =SUM(K64) -> 0 | K64: =+ SUMIF('Doanh thu'!A:A, C64,'Doanh thu'!F:F) -> 0
B65: 1 | C65: TC018 | D65: Trâm cài 18 | E65: cây | F65: =+ SUMIF('Nhập kho T42024'!B:B, C65,'Nhập kho T42024'!F:F) -> 0 | G65: =+ (SUMIF('Nhập kho T42024'!B:B, C65,'Nhập kho T42024'!G:G))*3500 -> 0 | H65: =+ SUMIF('Doanh thu'!A:A, C65,'Doanh thu'!E:E) -> 0 | I65: =F65-H65 -> 0 | J65: =SUM(K65) -> 0 | K65: =+ SUMIF('Doanh thu'!A:A, C65,'Doanh thu'!F:F) -> 0
B66: 1 | C66: TC019 | D66: Trâm cài 19 | E66: cây | F66: =+ SUMIF('Nhập kho T42024'!B:B, C66,'Nhập kho T42024'!F:F) -> 0 | G66: =+ (SUMIF('Nhập kho T42024'!B:B, C66,'Nhập kho T42024'!G:G))*3500 -> 0 | H66: =+ SUMIF('Doanh thu'!A:A, C66,'Doanh thu'!E:E) -> 0 | I66: =F66-H66 -> 0 | J66: =SUM(K66) -> 0 | K66: =+ SUMIF('Doanh thu'!A:A, C66,'Doanh thu'!F:F) -> 0
B67: 1 | C67: TC020 | D67: Trâm cài 20 | E67: cây | F67: =+ SUMIF('Nhập kho T42024'!B:B, C67,'Nhập kho T42024'!F:F) -> 0 | G67: =+ (SUMIF('Nhập kho T42024'!B:B, C67,'Nhập kho T42024'!G:G))*3500 -> 0 | H67: =+ SUMIF('Doanh thu'!A:A, C67,'Doanh thu'!E:E) -> 0 | I67: =F67-H67+2 -> 2 | J67: =SUM(K67) -> 0 | K67: =+ SUMIF('Doanh thu'!A:A, C67,'Doanh thu'!F:F) -> 0
B68: 1 | C68: TC021 | D68: Trâm cài 21 | E68: cây | F68: =+ SUMIF('Nhập kho T42024'!B:B, C68,'Nhập kho T42024'!F:F) -> 0 | G68: =+ (SUMIF('Nhập kho T42024'!B:B, C68,'Nhập kho T42024'!G:G))*3500 -> 0 | H68: =+ SUMIF('Doanh thu'!A:A, C68,'Doanh thu'!E:E) -> 0 | I68: =F68-H68 -> 0 | J68: =SUM(K68) -> 0 | K68: =+ SUMIF('Doanh thu'!A:A, C68,'Doanh thu'!F:F) -> 0
B69: 1 | C69: TC022 | D69: Trâm cài 22 | E69: cây | F69: =+ SUMIF('Nhập kho T42024'!B:B, C69,'Nhập kho T42024'!F:F) -> 0 | G69: =+ (SUMIF('Nhập kho T42024'!B:B, C69,'Nhập kho T42024'!G:G))*3500 -> 0 | H69: =+ SUMIF('Doanh thu'!A:A, C69,'Doanh thu'!E:E) -> 0 | I69: =F69-H69 -> 0 | J69: =SUM(K69) -> 0 | K69: =+ SUMIF('Doanh thu'!A:A, C69,'Doanh thu'!F:F) -> 0
B70: 1 | C70: TC023 | D70: Trâm cài 23 | E70: cây | F70: =+ SUMIF('Nhập kho T42024'!B:B, C70,'Nhập kho T42024'!F:F) -> 0 | G70: =+ (SUMIF('Nhập kho T42024'!B:B, C70,'Nhập kho T42024'!G:G))*3500 -> 0 | H70: =+ SUMIF('Doanh thu'!A:A, C70,'Doanh thu'!E:E) -> 1 | I70: =F70-H70+10 -> 9 | J70: =SUM(K70) -> 33120 | K70: =+ SUMIF('Doanh thu'!A:A, C70,'Doanh thu'!F:F) -> 33120
B71: 1 | C71: TC024 | D71: Trâm cài 24 | E71: cây | F71: =+ SUMIF('Nhập kho T42024'!B:B, C71,'Nhập kho T42024'!F:F) -> 0 | G71: =+ (SUMIF('Nhập kho T42024'!B:B, C71,'Nhập kho T42024'!G:G))*3500 -> 0 | H71: =+ SUMIF('Doanh thu'!A:A, C71,'Doanh thu'!E:E) -> 1 | I71: =F71-H71+10 -> 9 | J71: =SUM(K71) -> 33120 | K71: =+ SUMIF('Doanh thu'!A:A, C71,'Doanh thu'!F:F) -> 33120
B72: 1 | C72: TC025 | D72: Trâm cài 25 | E72: cây | F72: =+ SUMIF('Nhập kho T42024'!B:B, C72,'Nhập kho T42024'!F:F) -> 0 | G72: =+ (SUMIF('Nhập kho T42024'!B:B, C72,'Nhập kho T42024'!G:G))*3500 -> 0 | H72: =+ SUMIF('Doanh thu'!A:A, C72,'Doanh thu'!E:E) -> 0 | I72: =F72-H72+10 -> 10 | J72: =SUM(K72) -> 0 | K72: =+ SUMIF('Doanh thu'!A:A, C72,'Doanh thu'!F:F) -> 0
B73: 1 | C73: TC026 | D73: Trâm cài 26 | E73: cây | F73: =+ SUMIF('Nhập kho T42024'!B:B, C73,'Nhập kho T42024'!F:F) -> 0 | G73: =+ (SUMIF('Nhập kho T42024'!B:B, C73,'Nhập kho T42024'!G:G))*3500 -> 0 | H73: =+ SUMIF('Doanh thu'!A:A, C73,'Doanh thu'!E:E) -> 7 | I73: =F73-H73+10 -> 3 | J73: =SUM(K73) -> 231840 | K73: =+ SUMIF('Doanh thu'!A:A, C73,'Doanh thu'!F:F) -> 231840
B74: 1 | C74: TC027 | D74: Trâm cài 27 | E74: cây | F74: =+ SUMIF('Nhập kho T42024'!B:B, C74,'Nhập kho T42024'!F:F) -> 0 | G74: =+ (SUMIF('Nhập kho T42024'!B:B, C74,'Nhập kho T42024'!G:G))*3500 -> 0 | H74: =+ SUMIF('Doanh thu'!A:A, C74,'Doanh thu'!E:E) -> 4 | I74: =F74-H74+10 -> 6 | J74: =SUM(K74) -> 145360 | K74: =+ SUMIF('Doanh thu'!A:A, C74,'Doanh thu'!F:F) -> 145360
B75: 1 | C75: TC028 | D75: Trâm cài 28 | E75: cây | F75: =+ SUMIF('Nhập kho T42024'!B:B, C75,'Nhập kho T42024'!F:F) -> 0 | G75: =+ (SUMIF('Nhập kho T42024'!B:B, C75,'Nhập kho T42024'!G:G))*3500 -> 0 | H75: =+ SUMIF('Doanh thu'!A:A, C75,'Doanh thu'!E:E) -> 0 | I75: =F75-H75+10 -> 10 | J75: =SUM(K75) -> 0 | K75: =+ SUMIF('Doanh thu'!A:A, C75,'Doanh thu'!F:F) -> 0
B76: 1 | C76: TC029 | D76: Trâm cài 29 | E76: cây | F76: =+ SUMIF('Nhập kho T42024'!B:B, C76,'Nhập kho T42024'!F:F) -> 0 | G76: =+ (SUMIF('Nhập kho T42024'!B:B, C76,'Nhập kho T42024'!G:G))*3500 -> 0 | H76: =+ SUMIF('Doanh thu'!A:A, C76,'Doanh thu'!E:E) -> 3 | I76: =F76-H76+10 -> 7 | J76: =SUM(K76) -> 109020 | K76: =+ SUMIF('Doanh thu'!A:A, C76,'Doanh thu'!F:F) -> 109020
B77: 1 | C77: TC030 | D77: Trâm cài 30 | E77: cây | F77: =+ SUMIF('Nhập kho T42024'!B:B, C77,'Nhập kho T42024'!F:F) -> 0 | G77: =+ (SUMIF('Nhập kho T42024'!B:B, C77,'Nhập kho T42024'!G:G))*3500 -> 0 | H77: =+ SUMIF('Doanh thu'!A:A, C77,'Doanh thu'!E:E) -> 1 | I77: =F77-H77+10 -> 9 | J77: =SUM(K77) -> 27140 | K77: =+ SUMIF('Doanh thu'!A:A, C77,'Doanh thu'!F:F) -> 27140
B78: 1 | C78: KTKL01 | D78: Kẹp tóc kim loại bông hoa | E78: cái | F78: =+ SUMIF('Nhập kho T42024'!B:B, C78,'Nhập kho T42024'!F:F) -> 0 | G78: =+ (SUMIF('Nhập kho T42024'!B:B, C78,'Nhập kho T42024'!G:G))*3500 -> 0 | H78: =+ SUMIF('Doanh thu'!A:A, C78,'Doanh thu'!E:E) -> 8 | I78: =F78-H78+6 -> -2 | J78: =SUM(K78) -> 112127.4 | K78: =+ SUMIF('Doanh thu'!A:A, C78,'Doanh thu'!F:F) -> 112127.4
B79: 1 | C79: KTKL02 | D79: Kẹp tóc kim loại ngôi sao | E79: cái | F79: =+ SUMIF('Nhập kho T42024'!B:B, C79,'Nhập kho T42024'!F:F) -> 0 | G79: =+ (SUMIF('Nhập kho T42024'!B:B, C79,'Nhập kho T42024'!G:G))*3500 -> 0 | H79: =+ SUMIF('Doanh thu'!A:A, C79,'Doanh thu'!E:E) -> 5 | I79: =F79-H79+9 -> 4 | J79: =SUM(K79) -> 70127.4 | K79: =+ SUMIF('Doanh thu'!A:A, C79,'Doanh thu'!F:F) -> 70127.4
B80: 1 | C80: KTKL03 | D80: Kẹp tóc kim loại vỏ sò | E80: cái | F80: =+ SUMIF('Nhập kho T42024'!B:B, C80,'Nhập kho T42024'!F:F) -> 0 | G80: =+ (SUMIF('Nhập kho T42024'!B:B, C80,'Nhập kho T42024'!G:G))*3500 -> 0 | H80: =+ SUMIF('Doanh thu'!A:A, C80,'Doanh thu'!E:E) -> 4 | I80: =F80-H80+10 -> 6 | J80: =SUM(K80) -> 56254.8 | K80: =+ SUMIF('Doanh thu'!A:A, C80,'Doanh thu'!F:F) -> 56254.8
B81: 1 | C81: BT201 | D81: Ống 20 dây cột tóc đen | E81: ống | F81: =+ SUMIF('Nhập kho T42024'!B:B, C81,'Nhập kho T42024'!F:F) -> 0 | G81: =+ (SUMIF('Nhập kho T42024'!B:B, C81,'Nhập kho T42024'!G:G))*3500 -> 0 | H81: =+ SUMIF('Doanh thu'!A:A, C81,'Doanh thu'!E:E) -> 2 | I81: =F81-H81+3 -> 1 | J81: =SUM(K81) -> 38000 | K81: =+ SUMIF('Doanh thu'!A:A, C81,'Doanh thu'!F:F) -> 38000
B82: 1 | C82: BT202 | D82: Ống 20 dây cột tóc kem be nâu | E82: ống | F82: =+ SUMIF('Nhập kho T42024'!B:B, C82,'Nhập kho T42024'!F:F) -> 0 | G82: =+ (SUMIF('Nhập kho T42024'!B:B, C82,'Nhập kho T42024'!G:G))*3500 -> 0 | H82: =+ SUMIF('Doanh thu'!A:A, C82,'Doanh thu'!E:E) -> 3 | I82: =F82-H82+3 -> 0 | J82: =SUM(K82) -> 57000 | K82: =+ SUMIF('Doanh thu'!A:A, C82,'Doanh thu'!F:F) -> 57000
B83: 1 | C83: BT501 | D83: Ống 50 dây cột tóc đen | E83: ống | F83: =+ SUMIF('Nhập kho T42024'!B:B, C83,'Nhập kho T42024'!F:F) -> 0 | G83: =+ (SUMIF('Nhập kho T42024'!B:B, C83,'Nhập kho T42024'!G:G))*3500 -> 0 | H83: =+ SUMIF('Doanh thu'!A:A, C83,'Doanh thu'!E:E) -> 6 | I83: =F83-H83+10 -> 4 | J83: =SUM(K83) -> 120000 | K83: =+ SUMIF('Doanh thu'!A:A, C83,'Doanh thu'!F:F) -> 120000
B84: 1 | C84: BT502 | D84: Ống 50 dây cột tóc đen be nâu | E84: ống | F84: =+ SUMIF('Nhập kho T42024'!B:B, C84,'Nhập kho T42024'!F:F) -> 0 | G84: =+ (SUMIF('Nhập kho T42024'!B:B, C84,'Nhập kho T42024'!G:G))*3500 -> 0 | H84: =+ SUMIF('Doanh thu'!A:A, C84,'Doanh thu'!E:E) -> 3 | I84: =F84-H84+4 -> 1 | J84: =SUM(K84) -> 69000 | K84: =+ SUMIF('Doanh thu'!A:A, C84,'Doanh thu'!F:F) -> 69000
B85: 1 | C85: BT503 | D85: Ống 50 dây cột tóc be nâu | E85: ống | F85: =+ SUMIF('Nhập kho T42024'!B:B, C85,'Nhập kho T42024'!F:F) -> 0 | G85: =+ (SUMIF('Nhập kho T42024'!B:B, C85,'Nhập kho T42024'!G:G))*3500 -> 0 | H85: =+ SUMIF('Doanh thu'!A:A, C85,'Doanh thu'!E:E) -> 2 | I85: =F85-H85+3 -> 1 | J85: =SUM(K85) -> 46000 | K85: =+ SUMIF('Doanh thu'!A:A, C85,'Doanh thu'!F:F) -> 46000
B86: 1 | C86: BT504 | D86: Ống 50 dây cột tóc nhiều màu | E86: ống | F86: =+ SUMIF('Nhập kho T42024'!B:B, C86,'Nhập kho T42024'!F:F) -> 0 | G86: =+ (SUMIF('Nhập kho T42024'!B:B, C86,'Nhập kho T42024'!G:G))*3500 -> 0 | H86: =+ SUMIF('Doanh thu'!A:A, C86,'Doanh thu'!E:E) -> 0 | I86: =F86-H86 -> 0 | J86: =SUM(K86) -> 0 | K86: =+ SUMIF('Doanh thu'!A:A, C86,'Doanh thu'!F:F) -> 0
B87: 1 | C87: BT101 | D87: Ống 10 dây cột tóc đen | E87: ống | F87: =+ SUMIF('Nhập kho T42024'!B:B, C87,'Nhập kho T42024'!F:F) -> 0 | G87: =+ (SUMIF('Nhập kho T42024'!B:B, C87,'Nhập kho T42024'!G:G))*3500 -> 0 | H87: =+ SUMIF('Doanh thu'!A:A, C87,'Doanh thu'!E:E) -> 4 | I87: =F87-H87+5 -> 1 | J87: =SUM(K87) -> 120000 | K87: =+ SUMIF('Doanh thu'!A:A, C87,'Doanh thu'!F:F) -> 120000
B88: 1 | C88: BT102 | D88: Ống 8 dây cột tóc đen xoắn | E88: ống | F88: =+ SUMIF('Nhập kho T42024'!B:B, C88,'Nhập kho T42024'!F:F) -> 0 | G88: =+ (SUMIF('Nhập kho T42024'!B:B, C88,'Nhập kho T42024'!G:G))*3500 -> 0 | H88: =+ SUMIF('Doanh thu'!A:A, C88,'Doanh thu'!E:E) -> 1 | I88: =F88-H88 -> -1 | J88: =SUM(K88) -> 28000 | K88: =+ SUMIF('Doanh thu'!A:A, C88,'Doanh thu'!F:F) -> 28000
B89: 1 | C89: BT103 | D89: Ống 8 dây cột tóc đen nâu be | E89: ống | F89: =+ SUMIF('Nhập kho T42024'!B:B, C89,'Nhập kho T42024'!F:F) -> 0 | G89: =+ (SUMIF('Nhập kho T42024'!B:B, C89,'Nhập kho T42024'!G:G))*3500 -> 0 | H89: =+ SUMIF('Doanh thu'!A:A, C89,'Doanh thu'!E:E) -> 1 | I89: =F89-H89 -> -1 | J89: =SUM(K89) -> 28000 | K89: =+ SUMIF('Doanh thu'!A:A, C89,'Doanh thu'!F:F) -> 28000
B90: 1 | C90: BT1001 | D90: Ống 100 dây cột tóc đen | E90: ống | F90: =+ SUMIF('Nhập kho T42024'!B:B, C90,'Nhập kho T42024'!F:F) -> 0 | G90: =+ (SUMIF('Nhập kho T42024'!B:B, C90,'Nhập kho T42024'!G:G))*3500 -> 0 | H90: =+ SUMIF('Doanh thu'!A:A, C90,'Doanh thu'!E:E) -> 3 | I90: =F90-H90+6 -> 3 | J90: =SUM(K90) -> 90000 | K90: =+ SUMIF('Doanh thu'!A:A, C90,'Doanh thu'!F:F) -> 90000
B91: 1 | C91: BT1002 | D91: Ống 100 dây cột tóc đen nâu be | E91: ống | F91: =+ SUMIF('Nhập kho T42024'!B:B, C91,'Nhập kho T42024'!F:F) -> 0 | G91: =+ (SUMIF('Nhập kho T42024'!B:B, C91,'Nhập kho T42024'!G:G))*3500 -> 0 | H91: =+ SUMIF('Doanh thu'!A:A, C91,'Doanh thu'!E:E) -> 1 | I91: =F91-H91 -> -1 | J91: =SUM(K91) -> 30000 | K91: =+ SUMIF('Doanh thu'!A:A, C91,'Doanh thu'!F:F) -> 30000
B92: 1 | C92: BT1003 | D92: Ống 100 dây cột tóc be nâu | E92: ống | F92: =+ SUMIF('Nhập kho T42024'!B:B, C92,'Nhập kho T42024'!F:F) -> 0 | G92: =+ (SUMIF('Nhập kho T42024'!B:B, C92,'Nhập kho T42024'!G:G))*3500 -> 0 | H92: =+ SUMIF('Doanh thu'!A:A, C92,'Doanh thu'!E:E) -> 3 | I92: =F92-H92+2 -> -1 | J92: =SUM(K92) -> 90000 | K92: =+ SUMIF('Doanh thu'!A:A, C92,'Doanh thu'!F:F) -> 90000
B93: 1 | C93: BT1004 | D93: Ống 100 dây cột tóc nhiều màu | E93: ống | F93: =+ SUMIF('Nhập kho T42024'!B:B, C93,'Nhập kho T42024'!F:F) -> 0 | G93: =+ (SUMIF('Nhập kho T42024'!B:B, C93,'Nhập kho T42024'!G:G))*3500 -> 0 | H93: =+ SUMIF('Doanh thu'!A:A, C93,'Doanh thu'!E:E) -> 0 | I93: =F93-H93+1 -> 1 | J93: =SUM(K93) -> 0 | K93: =+ SUMIF('Doanh thu'!A:A, C93,'Doanh thu'!F:F) -> 0
B94: 1 | C94: BT011 | D94: Ống 6 dây cột tóc đen | E94: ống | F94: =+ SUMIF('Nhập kho T42024'!B:B, C94,'Nhập kho T42024'!F:F) -> 0 | G94: =+ (SUMIF('Nhập kho T42024'!B:B, C94,'Nhập kho T42024'!G:G))*3500 -> 0 | H94: =+ SUMIF('Doanh thu'!A:A, C94,'Doanh thu'!E:E) -> 1 | I94: =F94-H94+6 -> 5 | J94: =SUM(K94) -> 20000 | K94: =+ SUMIF('Doanh thu'!A:A, C94,'Doanh thu'!F:F) -> 20000
B95: 1 | C95: BT012 | D95: Ống 6 dâu cột tóc nâu | E95: ống | F95: =+ SUMIF('Nhập kho T42024'!B:B, C95,'Nhập kho T42024'!F:F) -> 0 | G95: =+ (SUMIF('Nhập kho T42024'!B:B, C95,'Nhập kho T42024'!G:G))*3500 -> 0 | H95: =+ SUMIF('Doanh thu'!A:A, C95,'Doanh thu'!E:E) -> 3 | I95: =F95-H95+8 -> 5 | J95: =SUM(K95) -> 60000 | K95: =+ SUMIF('Doanh thu'!A:A, C95,'Doanh thu'!F:F) -> 60000
B96: 1 | C96: BT013 | D96: Ống 6 dây cột tóc be nâu | E96: ống | F96: =+ SUMIF('Nhập kho T42024'!B:B, C96,'Nhập kho T42024'!F:F) -> 0 | G96: =+ (SUMIF('Nhập kho T42024'!B:B, C96,'Nhập kho T42024'!G:G))*3500 -> 0 | H96: =+ SUMIF('Doanh thu'!A:A, C96,'Doanh thu'!E:E) -> 4 | I96: =F96-H96+9 -> 5 | J96: =SUM(K96) -> 80000 | K96: =+ SUMIF('Doanh thu'!A:A, C96,'Doanh thu'!F:F) -> 80000
B97: 1 | C97: KTN01 | D97: Kẹp tóc nhựa đen | E97: cái | F97: =+ SUMIF('Nhập kho T42024'!B:B, C97,'Nhập kho T42024'!F:F) -> 0 | G97: =+ (SUMIF('Nhập kho T42024'!B:B, C97,'Nhập kho T42024'!G:G))*3500 -> 0 | H97: =+ SUMIF('Doanh thu'!A:A, C97,'Doanh thu'!E:E) -> 2 | I97: =F97-H97+3 -> 1 | J97: =SUM(K97) -> 26000 | K97: =+ SUMIF('Doanh thu'!A:A, C97,'Doanh thu'!F:F) -> 26000
B98: 1 | C98: KTN02 | D98: Kẹp tóc nhựa nâu | E98: cái | F98: =+ SUMIF('Nhập kho T42024'!B:B, C98,'Nhập kho T42024'!F:F) -> 0 | G98: =+ (SUMIF('Nhập kho T42024'!B:B, C98,'Nhập kho T42024'!G:G))*3500 -> 0 | H98: =+ SUMIF('Doanh thu'!A:A, C98,'Doanh thu'!E:E) -> 0 | I98: =F98-H98+1 -> 1 | J98: =SUM(K98) -> 0 | K98: =+ SUMIF('Doanh thu'!A:A, C98,'Doanh thu'!F:F) -> 0
B99: 1 | C99: KTN03 | D99: Kẹp tóc nhựa cà phê | E99: cái | F99: =+ SUMIF('Nhập kho T42024'!B:B, C99,'Nhập kho T42024'!F:F) -> 0 | G99: =+ (SUMIF('Nhập kho T42024'!B:B, C99,'Nhập kho T42024'!G:G))*3500 -> 0 | H99: =+ SUMIF('Doanh thu'!A:A, C99,'Doanh thu'!E:E) -> 0 | I99: =F99-H99 -> 0 | J99: =SUM(K99) -> 0 | K99: =+ SUMIF('Doanh thu'!A:A, C99,'Doanh thu'!F:F) -> 0
B100: 1 | C100: KTN04 | D100: Kẹp tóc nhựa be | E100: cái | F100: =+ SUMIF('Nhập kho T42024'!B:B, C100,'Nhập kho T42024'!F:F) -> 0 | G100: =+ (SUMIF('Nhập kho T42024'!B:B, C100,'Nhập kho T42024'!G:G))*3500 -> 0 | H100: =+ SUMIF('Doanh thu'!A:A, C100,'Doanh thu'!E:E) -> 0 | I100: =F100-H100 -> 0 | J100: =SUM(K100) -> 0 | K100: =+ SUMIF('Doanh thu'!A:A, C100,'Doanh thu'!F:F) -> 0
...

Sheet Nháp
B1: DANH MỤC HÀNG HÓA
B2: STT | C2: Mã hàng | D2: Tên quy cách | E2: ĐVT | F2: Nhập | G2: Giá nhập tháng 4 | H2: Giá nhập T3 về trước | I2: Xuất | J2: Tồn | K2: Tổng doanh thu | L2: Doanh thu T4
A3: TÚI CHƯỜM BỤNG | B3: 1 | C3: TCB01 | D3: Túi chườm bụng trái bơ 1000ml | E3: túi | F3: =+ SUMIF('Nhập kho T42024'!B:B, C3,'Nhập kho T42024'!F:F) -> 4 | G3: =+ (SUMIF('Nhập kho T42024'!B:B, C3,'Nhập kho T42024'!G:G))*3500 -> 170240 | H3: =+ SUMIF(D:D, C3,'Xuất kho'!J:J) -> 0 | I3: =+ SUMIF('Doanh thu'!A:A, C3,'Doanh thu'!E:E) -> 4 | J3: =F3-I3 -> 0 | K3: =SUM(L3) -> 404600 | L3: =+ SUMIF('Doanh thu'!A:A, C3,'Doanh thu'!F:F) -> 404600
B4: 1 | C4: TCB01-500 | D4: Túi chườm bụng trái bơ 500ml | E4: túi | F4: =+ SUMIF('Nhập kho T42024'!B:B, C4,'Nhập kho T42024'!F:F) -> 6 | G4: =+ (SUMIF('Nhập kho T42024'!B:B, C4,'Nhập kho T42024'!G:G))*3500 -> 209965 | H4: =+ SUMIF('Xuất kho'!D:D, C4,'Xuất kho'!J:J) -> 0 | I4: =+ SUMIF('Doanh thu'!A:A, C4,'Doanh thu'!E:E) -> 6 | J4: =F4-I4+1 -> 1 | K4: =SUM(L4) -> 469200 | L4: =+ SUMIF('Doanh thu'!A:A, C4,'Doanh thu'!F:F) -> 469200
B5: 1 | C5: TCB02 | D5: Túi chườm bụng dâu (xanh) 1000ml | E5: túi | F5: =+ SUMIF('Nhập kho T42024'!B:B, C5,'Nhập kho T42024'!F:F) -> 4 | G5: =+ (SUMIF('Nhập kho T42024'!B:B, C5,'Nhập kho T42024'!G:G))*3500 -> 170240 | H5: =+ SUMIF('Xuất kho'!D:D, C5,'Xuất kho'!J:J) -> 201760 | I5: =+ SUMIF('Doanh thu'!A:A, C5,'Doanh thu'!E:E) -> 7 | J5: =F5-I5+3 -> 0 | K5: =SUM(L5) -> 708050 | L5: =+ SUMIF('Doanh thu'!A:A, C5,'Doanh thu'!F:F) -> 708050
B6: 1 | C6: TCB02-500 | D6: Túi chườm bụng dâu (xanh) 500ml | E6: túi | F6: =+ SUMIF('Nhập kho T42024'!B:B, C6,'Nhập kho T42024'!F:F) -> 6 | G6: =+ (SUMIF('Nhập kho T42024'!B:B, C6,'Nhập kho T42024'!G:G))*3500 -> 209965 | H6: =+ SUMIF('Xuất kho'!D:D, C6,'Xuất kho'!J:J) -> 0 | I6: =+ SUMIF('Doanh thu'!A:A, C6,'Doanh thu'!E:E) -> 3 | J6: =F6-I6 -> 3 | K6: =SUM(L6) -> 234600 | L6: =+ SUMIF('Doanh thu'!A:A, C6,'Doanh thu'!F:F) -> 234600
B7: 1 | C7: TCB03 | D7: Túi chườm bụng dứa xanh đậm 1000ml | E7: túi | F7: =+ SUMIF('Nhập kho T42024'!B:B, C7,'Nhập kho T42024'!F:F) -> 3 | G7: =+ (SUMIF('Nhập kho T42024'!B:B, C7,'Nhập kho T42024'!G:G))*3500 -> 119385 | H7: =+ SUMIF('Xuất kho'!D:D, C7,'Xuất kho'!J:J) -> 201760 | I7: =+ SUMIF('Doanh thu'!A:A, C7,'Doanh thu'!E:E) -> 7 | J7: =F7-I7+3 -> -1 | K7: =SUM(L7) -> 708050 | L7: =+ SUMIF('Doanh thu'!A:A, C7,'Doanh thu'!F:F) -> 708050
B8: 1 | C8: TCB03-500 | D8: Túi chườm bụng dứa xanh đậm 500ml | E8: túi | F8: =+ SUMIF('Nhập kho T42024'!B:B, C8,'Nhập kho T42024'!F:F) -> 6 | G8: =+ (SUMIF('Nhập kho T42024'!B:B, C8,'Nhập kho T42024'!G:G))*3500 -> 209965 | H8: =+ SUMIF('Xuất kho'!D:D, C8,'Xuất kho'!J:J) -> 0 | I8: =+ SUMIF('Doanh thu'!A:A, C8,'Doanh thu'!E:E) -> 0 | J8: =F8-I8 -> 6 | K8: =SUM(L8) -> 0 | L8: =+ SUMIF('Doanh thu'!A:A, C8,'Doanh thu'!F:F) -> 0
B9: 1 | C9: TCB04 | D9: Túi chườm bụng dâu xanh nhạt 1000ml | E9: túi | F9: =+ SUMIF('Nhập kho T42024'!B:B, C9,'Nhập kho T42024'!F:F) -> 5 | G9: =+ (SUMIF('Nhập kho T42024'!B:B, C9,'Nhập kho T42024'!G:G))*3500 -> 209685 | H9: =+ SUMIF('Xuất kho'!D:D, C9,'Xuất kho'!J:J) -> 151320 | I9: =+ SUMIF('Doanh thu'!A:A, C9,'Doanh thu'!E:E) -> 9 | J9: =F9-I9+1 -> -3 | K9: =SUM(L9) -> 910350 | L9: =+ SUMIF('Doanh thu'!A:A, C9,'Doanh thu'!F:F) -> 910350
B10: 1 | C10: TCB04-500 | D10: Túi chườm bụng dâu xanh nhạt 500ml | E10: túi | F10: =+ SUMIF('Nhập kho T42024'!B:B, C10,'Nhập kho T42024'!F:F) -> 3 | G10: =+ (SUMIF('Nhập kho T42024'!B:B, C10,'Nhập kho T42024'!G:G))*3500 -> 107485 | H10: =+ SUMIF('Xuất kho'!D:D, C10,'Xuất kho'!J:J) -> 0 | I10: =+ SUMIF('Doanh thu'!A:A, C10,'Doanh thu'!E:E) -> 4 | J10: =F10-I10+3 -> 2 | K10: =SUM(L10) -> 312800 | L10: =+ SUMIF('Doanh thu'!A:A, C10,'Doanh thu'!F:F) -> 312800
B11: 1 | C11: TCB05 | D11: Túi chườm bụng thỏ dứa 1000ml | E11: túi | F11: =+ SUMIF('Nhập kho T42024'!B:B, C11,'Nhập kho T42024'!F:F) -> 5 | G11: =+ (SUMIF('Nhập kho T42024'!B:B, C11,'Nhập kho T42024'!G:G))*3500 -> 210735 | H11: =+ SUMIF('Xuất kho'!D:D, C11,'Xuất kho'!J:J) -> 201760 | I11: =+ SUMIF('Doanh thu'!A:A, C11,'Doanh thu'!E:E) -> 4 | J11: =F11-I11-1 -> 0 | K11: =SUM(L11) -> 406000 | L11: =+ SUMIF('Doanh thu'!A:A, C11,'Doanh thu'!F:F) -> 406000
B12: 1 | C12: TCB05-500 | D12: Túi chườm bụng thỏ dứa 500ml | E12: túi | F12: =+ SUMIF('Nhập kho T42024'!B:B, C12,'Nhập kho T42024'!F:F) -> 5 | G12: =+ (SUMIF('Nhập kho T42024'!B:B, C12,'Nhập kho T42024'!G:G))*3500 -> 169925 | H12: =+ SUMIF('Xuất kho'!D:D, C12,'Xuất kho'!J:J) -> 0 | I12: =+ SUMIF('Doanh thu'!A:A, C12,'Doanh thu'!E:E) -> 2 | J12: =F12-I12+1 -> 4 | K12: =SUM(L12) -> 156400 | L12: =+ SUMIF('Doanh thu'!A:A, C12,'Doanh thu'!F:F) -> 156400
B13: 1 | C13: TCB11 | D13: Túi chườm bụng trái bơ 500ml | E13: túi | F13: =+ SUMIF('Nhập kho T42024'!B:B, C13,'Nhập kho T42024'!F:F) -> 0 | G13: =+ (SUMIF('Nhập kho T42024'!B:B, C13,'Nhập kho T42024'!G:G))*3500 -> 0 | I13: =+ SUMIF('Doanh thu'!A:A, C13,'Doanh thu'!E:E) -> 0 | J13: =F13-I13 -> 0 | K13: =SUM(L13) -> 0 | L13: =+ SUMIF('Doanh thu'!A:A, C13,'Doanh thu'!F:F) -> 0
B14: 1 | C14: TCB12 | D14: Túi chườm bụng dâu tây 500ml | E14: túi | F14: =+ SUMIF('Nhập kho T42024'!B:B, C14,'Nhập kho T42024'!F:F) -> 0 | G14: =+ (SUMIF('Nhập kho T42024'!B:B, C14,'Nhập kho T42024'!G:G))*3500 -> 0 | I14: =+ SUMIF('Doanh thu'!A:A, C14,'Doanh thu'!E:E) -> 0 | J14: =F14-I14 -> 0 | K14: =SUM(L14) -> 0 | L14: =+ SUMIF('Doanh thu'!A:A, C14,'Doanh thu'!F:F) -> 0
B15: 1 | C15: TCB13 | D15: Túi chườm bụng dứa xanh đậm 500ml | E15: túi | F15: =+ SUMIF('Nhập kho T42024'!B:B, C15,'Nhập kho T42024'!F:F) -> 0 | G15: =+ (SUMIF('Nhập kho T42024'!B:B, C15,'Nhập kho T42024'!G:G))*3500 -> 0 | I15: =+ SUMIF('Doanh thu'!A:A, C15,'Doanh thu'!E:E) -> 0 | J15: =F15-I15 -> 0 | K15: =SUM(L15) -> 0 | L15: =+ SUMIF('Doanh thu'!A:A, C15,'Doanh thu'!F:F) -> 0
